Year,Phase,Treatment code,Treatment  kg P as triple superphosphate kgP/ha,Plot,Sub-plot , Yield of  spring barley grain  at 85% dry matter t/ha , Yield of  spring barley straw  at 85% dry matter  t/ha, Yield of  winter* wheat grain  at 85% dry matter  t/ha  (*spring wheat in 2001), Yield of winter* wheat straw  at 85% dry matter  t/ha (*spring wheat in 2001),% P in grain,% P in straw,P uptake in grain kg/ha,P uptake in straw kg/ha,Total P uptake grain plus straw kg/ha,Olsen P mg/kg,Total P mg/kg
1974,III,P0,0,1,011,,,,,,,,,,2.8,362
1974,III,P0,0,1,012,,,,,,,,,,2.8,362
1974,III,P0,0,1,013,,,,,,,,,,2.5,352
1974,III,P0,0,1,014,,,,,,,,,,2.5,352
1974,III,P0,0,3,031,,,,,,,,,,12.7,544
1974,III,P0,0,3,032,,,,,,,,,,12.7,544
1974,III,P0,0,3,033,,,,,,,,,,12.1,531
1974,III,P0,0,3,034,,,,,,,,,,12.1,531
1974,III,P0,0,5,051,,,,,,,,,,3.3,363
1974,III,P0,0,5,052,,,,,,,,,,3.3,363
1974,III,P0,0,5,053,,,,,,,,,,2.7,358
1974,III,P0,0,5,054,,,,,,,,,,2.7,358
1974,III,P0,0,7,071,,,,,,,,,,7.9,487
1974,III,P0,0,7,072,,,,,,,,,,7.9,487
1974,III,P0,0,7,073,,,,,,,,,,7.8,463
1974,III,P0,0,7,074,,,,,,,,,,7.8,463
1974,III,P0,0,9,091,,,,,,,,,,11.7,516
1974,III,P0,0,9,092,,,,,,,,,,11.7,516
1974,III,P0,0,9,093,,,,,,,,,,9.2,480
1974,III,P0,0,9,094,,,,,,,,,,9.2,480
1975,III,Fallow,Fallow,1,011,,,,,,,,,,,
1975,III,Fallow,Fallow,1,012,,,,,,,,,,,
1975,III,Fallow,Fallow,1,013,,,,,,,,,,,
1975,III,Fallow,Fallow,1,014,,,,,,,,,,,
1975,III,Fallow,Fallow,3,031,,,,,,,,,,,
1975,III,Fallow,Fallow,3,032,,,,,,,,,,,
1975,III,Fallow,Fallow,3,033,,,,,,,,,,,
1975,III,Fallow,Fallow,3,034,,,,,,,,,,,
1975,III,Fallow,Fallow,5,051,,,,,,,,,,,
1975,III,Fallow,Fallow,5,052,,,,,,,,,,,
1975,III,Fallow,Fallow,5,053,,,,,,,,,,,
1975,III,Fallow,Fallow,5,054,,,,,,,,,,,
1975,III,Fallow,Fallow,7,071,,,,,,,,,,,
1975,III,Fallow,Fallow,7,072,,,,,,,,,,,
1975,III,Fallow,Fallow,7,073,,,,,,,,,,,
1975,III,Fallow,Fallow,7,074,,,,,,,,,,,
1975,III,Fallow,Fallow,9,091,,,,,,,,,,,
1975,III,Fallow,Fallow,9,092,,,,,,,,,,,
1975,III,Fallow,Fallow,9,093,,,,,,,,,,,
1975,III,Fallow,Fallow,9,094,,,,,,,,,,,
1976,III,P0,0,1,011,0.01,0.05,,,0.233,0.056,0.0,0.0,0.0,,
1976,III,P0,0,1,012,0.03,0.03,,,0.235,0.051,0.1,0.0,0.1,,
1976,III,P0,0,1,013,0.12,0.19,,,0.241,0.052,0.2,0.1,0.3,,
1976,III,P0,0,1,014,0.28,0.19,,,0.271,0.060,0.6,0.1,0.7,,
1976,III,P0,0,3,031,2.23,1.27,,,0.311,0.069,5.9,0.7,6.6,,
1976,III,P0,0,3,032,2.21,1.37,,,0.314,0.060,5.9,0.7,6.6,,
1976,III,P0,0,3,033,2.05,1.29,,,0.33,0.068,5.8,0.7,6.5,,
1976,III,P0,0,3,034,2.36,1.34,,,0.348,0.109,7.0,1.2,8.2,,
1976,III,P0,0,5,051,0.22,0.15,,,0.239,0.063,0.4,0.1,0.5,,
1976,III,P0,0,5,052,0.22,0.23,,,0.232,0.053,0.4,0.1,0.5,,
1976,III,P0,0,5,053,0.12,0.15,,,0.245,0.053,0.2,0.1,0.3,,
1976,III,P0,0,5,054,0.34,0.15,,,0.268,0.059,0.8,0.1,0.8,,
1976,III,P0,0,7,071,1.19,0.89,,,0.273,0.061,2.8,0.5,3.2,,
1976,III,P0,0,7,072,1.02,0.73,,,0.279,0.066,2.4,0.4,2.8,,
1976,III,P0,0,7,073,1.06,0.75,,,0.299,0.068,2.7,0.4,3.1,,
1976,III,P0,0,7,074,1.44,0.89,,,0.302,0.082,3.7,0.6,4.3,,
1976,III,P0,0,9,091,1.10,0.84,,,0.292,0.067,2.7,0.5,3.2,,
1976,III,P0,0,9,092,0.93,0.90,,,0.28,0.067,2.2,0.5,2.7,,
1976,III,P0,0,9,093,0.96,0.75,,,0.295,0.070,2.4,0.4,2.9,,
1976,III,P0,0,9,094,0.62,0.74,,,0.311,0.096,1.6,0.6,2.2,,
1977,III,P0,0,1,011,2.52,1.32,,,0.235,0.051,5.0,0.6,5.6,,
1977,III,P0,0,1,012,2.17,1.18,,,0.241,0.052,4.4,0.5,5.0,,
1977,III,P0,0,1,013,1.72,0.70,,,0.271,0.06,4.0,0.4,4.3,,
1977,III,P0,0,1,014,3.37,1.60,,,0.233,0.056,6.7,0.8,7.4,,
1977,III,P0,0,3,031,5.36,3.06,,,0.314,0.06,14.3,1.6,15.9,,
1977,III,P0,0,3,032,4.35,2.41,,,0.33,0.068,12.2,1.4,13.6,,
1977,III,P0,0,3,033,2.71,1.10,,,0.348,0.109,8.0,1.0,9.0,,
1977,III,P0,0,3,034,4.69,3.04,,,0.311,0.069,12.4,1.8,14.2,,
1977,III,P0,0,5,051,2.56,1.32,,,0.232,0.053,5.0,0.6,5.6,,
1977,III,P0,0,5,052,2.51,1.24,,,0.245,0.053,5.2,0.6,5.8,,
1977,III,P0,0,5,053,1.81,0.68,,,0.268,0.059,4.1,0.3,4.5,,
1977,III,P0,0,5,054,3.36,1.45,,,0.239,0.063,6.8,0.8,7.6,,
1977,III,P0,0,7,071,4.68,2.78,,,0.279,0.066,11.1,1.6,12.7,,
1977,III,P0,0,7,072,3.50,1.96,,,0.299,0.068,8.9,1.1,10.0,,
1977,III,P0,0,7,073,2.17,0.91,,,0.302,0.082,5.6,0.6,6.2,,
1977,III,P0,0,7,074,3.69,2.86,,,0.273,0.061,8.6,1.5,10.0,,
1977,III,P0,0,9,091,4.73,2.71,,,0.28,0.067,11.3,1.5,12.8,,
1977,III,P0,0,9,092,3.77,1.84,,,0.295,0.07,9.5,1.1,10.5,,
1977,III,P0,0,9,093,2.57,0.95,,,0.311,0.096,6.8,0.8,7.6,,
1977,III,P0,0,9,094,5.17,2.73,,,0.292,0.067,12.8,1.6,14.4,,
1978,III,P0,0,1,011,2.27,0.88,,,0.241,0.052,4.7,0.4,5.0,,
1978,III,P0,0,1,012,1.56,0.44,,,0.271,0.06,3.6,0.2,3.8,,
1978,III,P0,0,1,013,2.69,1.10,,,0.233,0.056,5.3,0.5,5.9,,
1978,III,P0,0,1,014,2.50,0.96,,,0.235,0.051,5.0,0.4,5.4,,
1978,III,P0,0,3,031,4.09,1.79,,,0.33,0.068,11.5,1.0,12.5,,
1978,III,P0,0,3,032,2.51,1.10,,,0.348,0.109,7.4,1.0,8.4,,
1978,III,P0,0,3,033,4.62,2.29,,,0.311,0.069,12.2,1.3,13.6,,
1978,III,P0,0,3,034,4.68,2.20,,,0.314,0.06,12.5,1.1,13.6,,
1978,III,P0,0,5,051,2.33,0.72,,,0.245,0.053,4.9,0.3,5.2,,
1978,III,P0,0,5,052,1.73,0.51,,,0.268,0.059,3.9,0.3,4.2,,
1978,III,P0,0,5,053,2.97,1.31,,,0.239,0.063,6.0,0.7,6.7,,
1978,III,P0,0,5,054,2.60,1.11,,,0.232,0.053,5.1,0.5,5.6,,
1978,III,P0,0,7,071,3.76,1.62,,,0.299,0.068,9.6,0.9,10.5,,
1978,III,P0,0,7,072,1.99,0.66,,,0.302,0.082,5.1,0.5,5.6,,
1978,III,P0,0,7,073,4.45,2.11,,,0.273,0.061,10.3,1.1,11.4,,
1978,III,P0,0,7,074,4.05,1.70,,,0.279,0.066,9.6,1.0,10.6,,
1978,III,P0,0,9,091,3.52,1.41,,,0.295,0.07,8.8,0.8,9.7,,
1978,III,P0,0,9,092,1.97,0.66,,,0.311,0.096,5.2,0.5,5.7,,
1978,III,P0,0,9,093,4.16,1.68,,,0.292,0.067,10.3,1.0,11.3,,
1978,III,P0,0,9,094,4.01,1.77,,,0.28,0.067,9.5,1.0,10.6,,
1979,III,P0,0,1,011,0.44,0.37,,,0.271,0.06,1.0,0.2,1.2,,
1979,III,P0,0,1,012,1.22,0.51,,,0.233,0.056,2.4,0.2,2.7,,
1979,III,P0,0,1,013,1.28,0.51,,,0.235,0.051,2.6,0.2,2.8,,
1979,III,P0,0,1,014,0.86,0.22,,,0.241,0.052,1.8,0.1,1.9,,
1979,III,P0,0,3,031,1.50,0.30,,,0.348,0.109,4.4,0.3,4.7,,
1979,III,P0,0,3,032,4.62,2.73,,,0.311,0.069,12.2,1.6,13.8,,
1979,III,P0,0,3,033,4.57,2.64,,,0.314,0.06,12.2,1.3,13.5,,
1979,III,P0,0,3,034,3.54,1.76,,,0.33,0.068,9.9,1.0,10.9,,
1979,III,P0,0,5,051,0.51,0.15,,,0.268,0.059,1.2,0.1,1.2,,
1979,III,P0,0,5,052,1.60,0.74,,,0.239,0.063,3.3,0.4,3.6,,
1979,III,P0,0,5,053,1.19,0.52,,,0.232,0.053,2.3,0.2,2.6,,
1979,III,P0,0,5,054,0.95,0.44,,,0.245,0.053,2.0,0.2,2.2,,
1979,III,P0,0,7,071,1.37,0.29,,,0.302,0.082,3.5,0.2,3.7,,
1979,III,P0,0,7,072,4.27,2.76,,,0.273,0.061,9.9,1.4,11.3,,
1979,III,P0,0,7,073,3.93,1.97,,,0.279,0.066,9.3,1.1,10.4,,
1979,III,P0,0,7,074,2.71,1.25,,,0.299,0.068,6.9,0.7,7.6,,
1979,III,P0,0,9,091,1.29,0.30,,,0.311,0.096,3.4,0.2,3.7,,
1979,III,P0,0,9,092,3.89,2.44,,,0.292,0.067,9.7,1.4,11.0,,
1979,III,P0,0,9,093,4.15,2.04,,,0.28,0.067,9.9,1.2,11.0,,
1979,III,P0,0,9,094,3.17,1.24,,,0.295,0.07,7.9,0.7,8.7,,
1980,III,P0,0,1,011,1.18,0.38,,,0.233,0.056,2.3,0.2,2.5,,
1980,III,P0,0,1,012,1.58,0.60,,,0.235,0.051,3.2,0.3,3.4,,
1980,III,P0,0,1,013,1.77,0.68,,,0.241,0.052,3.6,0.3,3.9,,
1980,III,P0,0,1,014,1.37,0.46,,,0.271,0.06,3.2,0.2,3.4,,
1980,III,P0,0,3,031,3.58,2.07,,,0.311,0.069,9.5,1.2,10.7,,
1980,III,P0,0,3,032,3.84,2.01,,,0.314,0.06,10.2,1.0,11.3,,
1980,III,P0,0,3,033,3.40,1.64,,,0.33,0.068,9.5,0.9,10.5,,
1980,III,P0,0,3,034,2.20,0.84,,,0.348,0.109,6.5,0.8,7.3,,
1980,III,P0,0,5,051,0.98,0.39,,,0.239,0.063,2.0,0.2,2.2,,
1980,III,P0,0,5,052,1.71,0.68,,,0.232,0.053,3.4,0.3,3.7,,
1980,III,P0,0,5,053,1.52,0.61,,,0.245,0.053,3.2,0.3,3.4,,
1980,III,P0,0,5,054,1.01,0.34,,,0.268,0.059,2.3,0.2,2.5,,
1980,III,P0,0,7,071,2.98,1.68,,,0.273,0.061,6.9,0.9,7.8,,
1980,III,P0,0,7,072,3.16,1.62,,,0.279,0.066,7.5,0.9,8.4,,
1980,III,P0,0,7,073,2.92,1.34,,,0.299,0.068,7.4,0.8,8.2,,
1980,III,P0,0,7,074,1.66,0.70,,,0.302,0.082,4.3,0.5,4.7,,
1980,III,P0,0,9,091,2.92,1.52,,,0.292,0.067,7.2,0.9,8.1,,
1980,III,P0,0,9,092,3.19,1.44,,,0.28,0.067,7.6,0.8,8.4,,
1980,III,P0,0,9,093,2.91,1.08,,,0.295,0.07,7.3,0.6,7.9,,
1980,III,P0,0,9,094,1.71,0.42,,,0.311,0.096,4.5,0.3,4.9,,
1981,III,P0,0,1,011,1.03,0.29,,,0.235,0.051,2.1,0.1,2.2,1.8,
1981,III,P0,0,1,012,1.29,0.44,,,0.241,0.052,2.6,0.2,2.8,1.8,
1981,III,P0,0,1,013,0.82,0.29,,,0.271,0.06,1.9,0.1,2.0,1.6,
1981,III,P0,0,1,014,1.64,0.66,,,0.233,0.056,3.2,0.3,3.6,1.4,
1981,III,P0,0,3,031,4.16,2.27,,,0.314,0.06,11.1,1.2,12.3,9.6,
1981,III,P0,0,3,032,3.75,1.99,,,0.33,0.068,10.5,1.2,11.7,11.4,
1981,III,P0,0,3,033,3.58,0.65,,,0.348,0.109,10.6,0.6,11.2,11.0,
1981,III,P0,0,3,034,3.46,1.91,,,0.311,0.069,9.1,1.1,10.3,8.4,
1981,III,P0,0,5,051,0.70,0.29,,,0.232,0.053,1.4,0.1,1.5,3.2,
1981,III,P0,0,5,052,1.21,0.44,,,0.245,0.053,2.5,0.2,2.7,2.8,
1981,III,P0,0,5,053,0.87,0.22,,,0.268,0.059,2.0,0.1,2.1,2.8,
1981,III,P0,0,5,054,1.07,0.29,,,0.239,0.063,2.2,0.2,2.3,2.0,
1981,III,P0,0,7,071,3.26,1.55,,,0.279,0.066,7.7,0.9,8.6,6.4,
1981,III,P0,0,7,072,3.06,1.25,,,0.299,0.068,7.8,0.7,8.5,7.2,
1981,III,P0,0,7,073,2.44,0.51,,,0.302,0.082,6.3,0.4,6.6,7.0,
1981,III,P0,0,7,074,2.83,1.47,,,0.273,0.061,6.6,0.8,7.3,5.8,
1981,III,P0,0,9,091,3.42,1.83,,,0.28,0.067,8.1,1.0,9.2,7.6,
1981,III,P0,0,9,092,4.37,1.68,,,0.295,0.07,11.0,1.0,12.0,9.6,
1981,III,P0,0,9,093,2.66,0.59,,,0.311,0.096,7.0,0.5,7.5,7.2,
1981,III,P0,0,9,094,3.47,1.77,,,0.292,0.067,8.6,1.0,9.6,5.2,
1982,III,P0,0,1,011,0.87,0.36,,,0.241,0.052,1.8,0.2,1.9,,
1982,III,P0,0,1,012,0.67,0.29,,,0.271,0.06,1.5,0.1,1.7,,
1982,III,P0,0,1,013,1.70,0.71,,,0.233,0.056,3.4,0.3,3.7,,
1982,III,P0,0,1,014,1.06,0.42,,,0.235,0.051,2.1,0.2,2.3,,
1982,III,P0,0,3,031,4.36,1.73,,,0.33,0.068,12.2,1.0,13.2,,
1982,III,P0,0,3,032,2.80,0.65,,,0.348,0.109,8.3,0.6,8.9,,
1982,III,P0,0,3,033,4.90,2.46,,,0.311,0.069,13.0,1.4,14.4,,
1982,III,P0,0,3,034,4.15,1.94,,,0.314,0.06,11.1,1.0,12.1,,
1982,III,P0,0,5,051,1.00,0.28,,,0.245,0.053,2.1,0.1,2.2,,
1982,III,P0,0,5,052,0.72,0.14,,,0.268,0.059,1.6,0.1,1.7,,
1982,III,P0,0,5,053,1.62,0.43,,,0.239,0.063,3.3,0.2,3.5,,
1982,III,P0,0,5,054,1.19,0.35,,,0.232,0.053,2.3,0.2,2.5,,
1982,III,P0,0,7,071,2.47,0.94,,,0.299,0.068,6.3,0.5,6.8,,
1982,III,P0,0,7,072,1.79,0.43,,,0.302,0.082,4.6,0.3,4.9,,
1982,III,P0,0,7,073,3.61,1.59,,,0.273,0.061,8.4,0.8,9.2,,
1982,III,P0,0,7,074,2.61,1.00,,,0.279,0.066,6.2,0.6,6.8,,
1982,III,P0,0,9,091,3.04,1.38,,,0.295,0.07,7.6,0.8,8.4,,
1982,III,P0,0,9,092,2.34,0.43,,,0.311,0.096,6.2,0.4,6.5,,
1982,III,P0,0,9,093,3.26,1.36,,,0.292,0.067,8.1,0.8,8.9,,
1982,III,P0,0,9,094,2.40,1.01,,,0.28,0.067,5.7,0.6,6.3,,
1983,III,P0,0,1,011,0.97,0.21,,,0.271,0.06,2.2,0.1,2.3,,
1983,III,P0,0,1,012,1.68,0.81,,,0.233,0.056,3.3,0.4,3.7,,
1983,III,P0,0,1,013,1.32,0.59,,,0.235,0.051,2.6,0.3,2.9,,
1983,III,P0,0,1,014,1.65,0.58,,,0.241,0.052,3.4,0.3,3.6,,
1983,III,P0,0,3,031,2.00,0.22,,,0.348,0.109,5.9,0.2,6.1,,
1983,III,P0,0,3,032,4.51,2.73,,,0.311,0.069,11.9,1.6,13.5,,
1983,III,P0,0,3,033,4.50,2.01,,,0.314,0.06,12.0,1.0,13.0,,
1983,III,P0,0,3,034,3.46,0.94,,,0.33,0.068,9.7,0.5,10.2,,
1983,III,P0,0,5,051,0.80,0.15,,,0.268,0.059,1.8,0.1,1.9,,
1983,III,P0,0,5,052,1.99,0.80,,,0.239,0.063,4.0,0.4,4.5,,
1983,III,P0,0,5,053,1.46,0.55,,,0.232,0.053,2.9,0.2,3.1,,
1983,III,P0,0,5,054,1.94,0.51,,,0.245,0.053,4.0,0.2,4.3,,
1983,III,P0,0,7,071,1.67,0.49,,,0.302,0.082,4.3,0.3,4.6,,
1983,III,P0,0,7,072,3.79,2.71,,,0.273,0.061,8.8,1.4,10.2,,
1983,III,P0,0,7,073,4.05,1.56,,,0.279,0.066,9.6,0.9,10.5,,
1983,III,P0,0,7,074,2.92,1.10,,,0.299,0.068,7.4,0.6,8.1,,
1983,III,P0,0,9,091,2.77,0.36,,,0.311,0.096,7.3,0.3,7.6,,
1983,III,P0,0,9,092,4.56,3.01,,,0.292,0.067,11.3,1.7,13.0,,
1983,III,P0,0,9,093,3.24,1.48,,,0.28,0.067,7.7,0.8,8.6,,
1983,III,P0,0,9,094,2.76,1.03,,,0.295,0.07,6.9,0.6,7.5,,
1984,III,P0,0,1,011,0.82,0.41,,,0.233,0.056,1.6,0.2,1.8,,
1984,III,P0,0,1,012,0.79,0.27,,,0.235,0.051,1.6,0.1,1.7,,
1984,III,P0,0,1,013,0.54,0.21,,,0.241,0.052,1.1,0.1,1.2,,
1984,III,P0,0,1,014,0.78,0.34,,,0.271,0.06,1.8,0.2,2.0,,
1984,III,P0,0,3,031,2.95,1.44,,,0.311,0.069,7.8,0.8,8.6,,
1984,III,P0,0,3,032,3.07,1.64,,,0.314,0.06,8.2,0.8,9.0,,
1984,III,P0,0,3,033,2.99,1.16,,,0.33,0.068,8.4,0.7,9.1,,
1984,III,P0,0,3,034,2.09,0.54,,,0.348,0.109,6.2,0.5,6.7,,
1984,III,P0,0,5,051,1.23,0.41,,,0.239,0.063,2.5,0.2,2.7,,
1984,III,P0,0,5,052,1.13,0.41,,,0.232,0.053,2.2,0.2,2.4,,
1984,III,P0,0,5,053,1.19,0.41,,,0.245,0.053,2.5,0.2,2.7,,
1984,III,P0,0,5,054,0.90,0.28,,,0.268,0.059,2.1,0.1,2.2,,
1984,III,P0,0,7,071,2.37,1.30,,,0.273,0.061,5.5,0.7,6.2,,
1984,III,P0,0,7,072,2.26,1.11,,,0.279,0.066,5.4,0.6,6.0,,
1984,III,P0,0,7,073,2.17,0.96,,,0.299,0.068,5.5,0.6,6.1,,
1984,III,P0,0,7,074,1.77,0.48,,,0.302,0.082,4.5,0.3,4.9,,
1984,III,P0,0,9,091,2.46,1.42,,,0.292,0.067,6.1,0.8,6.9,,
1984,III,P0,0,9,092,1.64,0.89,,,0.28,0.067,3.9,0.5,4.4,,
1984,III,P0,0,9,093,2.26,0.96,,,0.295,0.07,5.7,0.6,6.2,,
1984,III,P0,0,9,094,2.34,0.62,,,0.311,0.096,6.2,0.5,6.7,,
1985,III,P0,0,1,011,2.11,0.83,,,0.235,0.051,4.2,0.4,4.6,1.8,
1985,III,P0,0,1,012,1.99,0.73,,,0.241,0.052,4.1,0.3,4.4,1.8,
1985,III,P0,0,1,013,1.57,0.46,,,0.271,0.06,3.6,0.2,3.9,1.6,
1985,III,P0,0,1,014,2.31,0.82,,,0.233,0.056,4.6,0.4,5.0,1.4,
1985,III,P0,0,3,031,4.05,2.49,,,0.314,0.06,10.8,1.3,12.1,7.8,
1985,III,P0,0,3,032,3.75,1.88,,,0.33,0.068,10.5,1.1,11.6,9.6,
1985,III,P0,0,3,033,2.98,0.97,,,0.348,0.109,8.8,0.9,9.7,9.2,
1985,III,P0,0,3,034,3.55,2.50,,,0.311,0.069,9.4,1.5,10.9,6.6,
1985,III,P0,0,5,051,2.34,0.91,,,0.232,0.053,4.6,0.4,5.0,3.2,
1985,III,P0,0,5,052,2.38,0.91,,,0.245,0.053,5.0,0.4,5.4,2.8,
1985,III,P0,0,5,053,1.90,0.65,,,0.268,0.059,4.3,0.3,4.7,2.8,
1985,III,P0,0,5,054,2.09,0.86,,,0.239,0.063,4.2,0.5,4.7,2.0,
1985,III,P0,0,7,071,3.66,2.09,,,0.279,0.066,8.7,1.2,9.9,5.6,
1985,III,P0,0,7,072,3.21,1.68,,,0.299,0.068,8.2,1.0,9.1,6.4,
1985,III,P0,0,7,073,2.99,0.92,,,0.302,0.082,7.7,0.6,8.3,6.2,
1985,III,P0,0,7,074,3.49,2.15,,,0.273,0.061,8.1,1.1,9.2,5.0,
1985,III,P0,0,9,091,3.67,1.99,,,0.28,0.067,8.7,1.1,9.9,7.2,
1985,III,P0,0,9,092,2.82,1.40,,,0.295,0.07,7.1,0.8,7.9,9.2,
1985,III,P0,0,9,093,2.65,0.92,,,0.311,0.096,7.0,0.8,7.8,6.8,
1985,III,P0,0,9,094,3.17,2.14,,,0.292,0.067,7.9,1.2,9.1,4.8,
1986,IV,P3,131,1,011,4.05,1.24,,,0.231,0.046,8.0,0.5,8.4,,
1986,IV,P2,87,1,012,3.89,1.32,,,0.241,0.039,8.0,0.4,8.4,,
1986,IV,P1,44,1,013,3.55,1.11,,,0.256,0.043,7.7,0.4,8.1,,
1986,IV,P0,0,1,014,1.88,0.41,,,0.261,0.062,4.2,0.2,4.4,,
1986,IV,P3,131,3,031,4.30,1.38,,,0.308,0.053,11.3,0.6,11.9,,
1986,IV,P2,87,3,032,4.70,1.45,,,0.325,0.054,13.0,0.7,13.6,,
1986,IV,P1,44,3,033,4.47,1.38,,,0.32,0.054,12.2,0.6,12.8,,
1986,IV,P0,0,3,034,3.50,0.95,,,0.306,0.065,9.1,0.5,9.6,,
1986,IV,P3,131,5,051,3.82,1.30,,,0.242,0.041,7.9,0.5,8.3,,
1986,IV,P2,87,5,052,4.01,1.24,,,0.253,0.042,8.6,0.4,9.1,,
1986,IV,P1,44,5,053,3.49,1.11,,,0.232,0.047,6.9,0.4,7.3,,
1986,IV,P0,0,5,054,1.90,0.48,,,0.26,0.053,4.2,0.2,4.4,,
1986,IV,P3,131,7,071,4.35,1.44,,,0.285,0.045,10.5,0.6,11.1,,
1986,IV,P2,87,7,072,4.41,1.45,,,0.29,0.046,10.9,0.6,11.4,,
1986,IV,P1,44,7,073,3.96,1.17,,,0.281,0.048,9.5,0.5,9.9,,
1986,IV,P0,0,7,074,3.08,0.89,,,0.283,0.063,7.4,0.5,7.9,,
1986,IV,P3,131,9,091,4.03,1.24,,,0.281,0.048,9.6,0.5,10.1,,
1986,IV,P2,87,9,092,4.41,1.52,,,0.286,0.046,10.7,0.6,11.3,,
1986,IV,P1,44,9,093,4.04,1.31,,,0.302,0.058,10.4,0.6,11.0,,
1986,IV,P0,0,9,094,3.26,0.97,,,0.277,0.056,7.7,0.5,8.1,,
1987,IV,P3,131,1,011,4.57,2.48,,,0.27,0.046,10.5,1.0,11.5,11.8,
1987,IV,P2,87,1,012,4.52,2.88,,,0.283,0.043,10.9,1.1,11.9,9.8,
1987,IV,P1,44,1,013,4.31,2.63,,,0.283,0.043,10.4,1.0,11.3,4.8,
1987,IV,P0,0,1,014,2.80,1.17,,,0.266,0.065,6.3,0.6,7.0,1.6,
1987,IV,P3,131,3,031,5.05,3.39,,,0.327,0.064,14.0,1.8,15.9,15.6,
1987,IV,P2,87,3,032,4.82,3.24,,,0.327,0.057,13.4,1.6,15.0,12.2,
1987,IV,P1,44,3,033,4.72,3.15,,,0.305,0.045,12.2,1.2,13.4,9.8,
1987,IV,P0,0,3,034,3.79,2.35,,,0.276,0.06,8.9,1.2,10.1,5.6,
1987,IV,P3,131,5,051,4.33,2.74,,,0.254,0.045,9.3,1.0,10.4,9.0,
1987,IV,P2,87,5,052,4.70,3.05,,,0.281,0.044,11.2,1.1,12.4,6.0,
1987,IV,P1,44,5,053,4.17,2.32,,,0.269,0.044,9.5,0.9,10.4,4.6,
1987,IV,P0,0,5,054,2.57,1.13,,,0.254,0.048,5.5,0.5,6.0,2.0,
1987,IV,P3,131,7,071,4.98,3.00,,,0.311,0.057,13.2,1.5,14.6,12.8,
1987,IV,P2,87,7,072,4.77,2.94,,,0.31,0.049,12.6,1.2,13.8,13.2,
1987,IV,P1,44,7,073,4.47,2.87,,,0.31,0.048,11.8,1.2,12.9,7.0,
1987,IV,P0,0,7,074,3.75,2.19,,,0.288,0.05,9.2,0.9,10.1,4.6,
1987,IV,P3,131,9,091,4.37,2.88,,,0.303,0.071,11.3,1.7,13.0,18.6,
1987,IV,P2,87,9,092,4.69,2.90,,,0.32,0.062,12.8,1.5,14.3,18.4,
1987,IV,P1,44,9,093,4.43,3.14,,,0.324,0.06,12.2,1.6,13.8,10.0,
1987,IV,P0,0,9,094,4.07,2.26,,,0.301,0.055,10.4,1.1,11.5,4.6,
1988,IV,P3,131,1,011,6.77,3.56,,,0.336,0.055,19.3,1.7,21.0,,
1988,IV,P2,87,1,012,6.68,3.04,,,0.327,0.048,18.6,1.2,19.8,,
1988,IV,P1,44,1,013,6.01,3.23,,,0.296,0.046,15.1,1.3,16.4,,
1988,IV,P0,0,1,014,3.04,1.47,,,0.232,0.043,6.0,0.5,6.5,,
1988,IV,P3,131,3,031,7.17,3.26,,,0.338,0.047,20.6,1.3,21.9,,
1988,IV,P2,87,3,032,7.16,3.75,,,0.342,0.047,20.8,1.5,22.3,,
1988,IV,P1,44,3,033,6.99,3.74,,,0.344,0.047,20.4,1.5,21.9,,
1988,IV,P0,0,3,034,5.48,2.68,,,0.272,0.048,12.7,1.1,13.8,,
1988,IV,P3,131,5,051,7.15,3.25,,,0.322,0.043,19.6,1.2,20.8,,
1988,IV,P2,87,5,052,6.93,3.94,,,0.322,0.036,19.0,1.2,20.2,,
1988,IV,P1,44,5,053,6.33,3.34,,,0.282,0.036,15.2,1.0,16.2,,
1988,IV,P0,0,5,054,2.34,1.27,,,0.23,0.04,4.6,0.4,5.0,,
1988,IV,P3,131,7,071,7.21,3.50,,,0.347,0.051,21.3,1.5,22.8,,
1988,IV,P2,87,7,072,7.22,3.19,,,0.339,0.042,20.8,1.1,21.9,,
1988,IV,P1,44,7,073,6.79,3.28,,,0.328,0.042,18.9,1.2,20.1,,
1988,IV,P0,0,7,074,4.69,2.23,,,0.247,0.051,9.8,1.0,10.8,,
1988,IV,P3,131,9,091,7.16,3.91,,,0.346,0.056,21.1,1.9,22.9,,
1988,IV,P2,87,9,092,7.12,4.45,,,0.332,0.056,20.1,2.1,22.2,,
1988,IV,P1,44,9,093,6.93,4.00,,,0.319,0.052,18.8,1.8,20.6,,
1988,IV,P0,0,9,094,5.05,2.78,,,0.272,0.05,11.7,1.2,12.9,,
1989,IV,P3,131,1,011,2.08,0.79,,,0.334,0.063,5.9,0.4,6.3,22.2,
1989,IV,P2,87,1,012,2.33,0.95,,,0.319,0.051,6.3,0.4,6.7,16.4,
1989,IV,P1,44,1,013,2.18,0.87,,,0.308,0.052,5.7,0.4,6.1,9.6,
1989,IV,P0,0,1,014,0.99,0.58,,,0.262,0.036,2.2,0.2,2.4,3.2,
1989,IV,P3,131,3,031,2.00,0.72,,,0.356,0.081,6.1,0.5,6.5,38.0,
1989,IV,P2,87,3,032,2.44,1.06,,,0.342,0.056,7.1,0.5,7.6,27.2,
1989,IV,P1,44,3,033,2.52,1.09,,,0.315,0.066,6.7,0.6,7.4,12.6,
1989,IV,P0,0,3,034,2.25,0.96,,,0.293,0.05,5.6,0.4,6.0,6.6,
1989,IV,P3,131,5,051,1.96,0.73,,,0.333,0.065,5.5,0.4,6.0,17.2,
1989,IV,P2,87,5,052,2.31,1.04,,,0.32,0.053,6.3,0.5,6.8,13.8,
1989,IV,P1,44,5,053,1.85,0.86,,,0.321,0.064,5.0,0.5,5.5,7.0,
1989,IV,P0,0,5,054,0.77,0.45,,,0.271,0.039,1.8,0.1,1.9,2.4,
1989,IV,P3,131,7,071,2.17,0.92,,,0.348,0.081,6.4,0.6,7.1,29.6,
1989,IV,P2,87,7,072,2.51,1.07,,,0.33,0.069,7.0,0.6,7.7,22.8,
1989,IV,P1,44,7,073,1.96,0.79,,,0.314,0.064,5.2,0.4,5.7,14.6,
1989,IV,P0,0,7,074,1.49,0.65,,,0.28,0.054,3.5,0.3,3.8,4.2,
1989,IV,P3,131,9,091,2.63,1.17,,,0.339,0.064,7.6,0.6,8.2,34.8,
1989,IV,P2,87,9,092,2.89,1.21,,,0.352,0.072,8.6,0.7,9.4,26.4,
1989,IV,P1,44,9,093,2.38,1.00,,,0.342,0.071,6.9,0.6,7.5,14.2,
1989,IV,P0,0,9,094,1.50,0.66,,,0.301,0.064,3.8,0.4,4.2,4.6,
1990,IV,P3,131,1,011,4.42,1.30,,,0.293,0.131,11.0,1.4,12.5,,
1990,IV,P2,87,1,012,3.90,1.31,,,0.281,0.049,9.3,0.5,9.9,,
1990,IV,P1,44,1,013,3.79,1.30,,,0.29,0.047,9.3,0.5,9.9,,
1990,IV,P0,0,1,014,1.91,0.36,,,0.22,0.042,3.6,0.1,3.7,,
1990,IV,P3,131,3,031,4.10,1.59,,,0.293,0.057,10.2,0.8,11.0,,
1990,IV,P2,87,3,032,4.66,1.60,,,0.293,0.048,11.6,0.7,12.3,,
1990,IV,P1,44,3,033,4.35,1.40,,,0.273,0.048,10.1,0.6,10.7,,
1990,IV,P0,0,3,034,3.42,1.20,,,0.256,0.042,7.4,0.4,7.9,,
1990,IV,P3,131,5,051,4.45,1.40,,,0.28,0.044,10.6,0.5,11.1,,
1990,IV,P2,87,5,052,4.53,1.41,,,0.279,0.048,10.7,0.6,11.3,,
1990,IV,P1,44,5,053,3.96,1.31,,,0.279,0.044,9.4,0.5,9.9,,
1990,IV,P0,0,5,054,1.97,0.46,,,0.221,0.035,3.7,0.1,3.8,,
1990,IV,P3,131,7,071,4.29,1.49,,,0.274,0.06,10.0,0.8,10.8,,
1990,IV,P2,87,7,072,4.62,1.79,,,0.284,0.047,11.2,0.7,11.9,,
1990,IV,P1,44,7,073,3.96,1.48,,,0.252,0.042,8.5,0.5,9.0,,
1990,IV,P0,0,7,074,2.90,1.11,,,0.233,0.038,5.7,0.4,6.1,,
1990,IV,P3,131,9,091,4.07,1.77,,,0.297,0.048,10.3,0.7,11.0,,
1990,IV,P2,87,9,092,4.17,1.40,,,0.314,0.064,11.1,0.8,11.9,,
1990,IV,P1,44,9,093,4.19,1.68,,,0.297,0.049,10.6,0.7,11.3,,
1990,IV,P0,0,9,094,2.96,0.93,,,0.225,0.038,5.7,0.3,6.0,,
1991,IV,P3,131,1,011,5.72,3.81,,,0.331,0.084,16.1,2.7,18.8,35.4,
1991,IV,P2,87,1,012,5.42,4.14,,,0.337,0.083,15.5,2.9,18.4,24.8,
1991,IV,P1,44,1,013,4.96,3.69,,,0.333,0.068,14.0,2.1,16.2,13.8,
1991,IV,P0,0,1,014,2.54,1.82,,,0.236,0.069,5.1,1.1,6.2,1.2,
1991,IV,P3,131,3,031,5.49,3.53,,,0.342,0.094,16.0,2.8,18.8,50.6,
1991,IV,P2,87,3,032,5.50,3.71,,,0.345,0.083,16.1,2.6,18.7,45.0,
1991,IV,P1,44,3,033,5.22,3.72,,,0.342,0.075,15.2,2.4,17.5,19.8,
1991,IV,P0,0,3,034,4.31,3.05,,,0.308,0.067,11.3,1.7,13.0,5.6,
1991,IV,P3,131,5,051,5.86,3.79,,,0.356,0.093,17.7,3.0,20.7,37.6,
1991,IV,P2,87,5,052,5.50,3.70,,,0.344,0.075,16.1,2.4,18.4,26.8,
1991,IV,P1,44,5,053,5.10,3.59,,,0.326,0.069,14.1,2.1,16.2,10.4,
1991,IV,P0,0,5,054,2.35,1.73,,,0.221,0.057,4.4,0.8,5.3,1.6,
1991,IV,P3,131,7,071,5.53,3.70,,,0.362,0.09,17.0,2.8,19.8,46.2,
1991,IV,P2,87,7,072,5.42,3.74,,,0.347,0.066,16.0,2.1,18.1,31.6,
1991,IV,P1,44,7,073,5.14,3.45,,,0.321,0.06,14.0,1.8,15.8,15.6,
1991,IV,P0,0,7,074,3.69,2.50,,,0.264,0.057,8.3,1.2,9.5,3.6,
1991,IV,P3,131,9,091,5.50,3.62,,,0.374,0.09,17.5,2.8,20.3,48.0,
1991,IV,P2,87,9,092,5.24,3.61,,,0.365,0.081,16.3,2.5,18.7,36.4,
1991,IV,P1,44,9,093,5.18,3.60,,,0.347,0.075,15.3,2.3,17.6,19.2,
1991,IV,P0,0,9,094,3.76,2.40,,,0.289,0.073,9.2,1.5,10.7,3.0,
1992,IV,P3,131,1,011,,,7.96,6.79,0.376,0.097,25.4,5.6,31.0,41,
1992,IV,P2,87,1,012,,,8.17,6.96,0.378,0.081,26.3,4.8,31.0,28,
1992,IV,P1,44,1,013,,,7.97,6.39,0.335,0.058,22.7,3.2,25.8,16,
1992,IV,P0,0,1,014,,,2.70,1.71,0.205,0.024,4.7,0.3,5.1,2,
1992,IV,P3,131,3,031,,,8.11,6.43,0.406,0.103,28.0,5.6,33.6,57,
1992,IV,P2,87,3,032,,,8.03,7.21,0.409,0.076,27.9,4.7,32.6,53,
1992,IV,P1,44,3,033,,,8.21,6.60,0.371,0.06,25.9,3.4,29.3,23,
1992,IV,P0,0,3,034,,,6.85,4.72,0.277,0.04,16.1,1.6,17.7,5,
1992,IV,P3,131,5,051,,,8.11,7.18,0.42,0.096,29.0,5.9,34.8,46,
1992,IV,P2,87,5,052,,,7.92,7.50,0.401,0.091,27.0,5.8,32.8,32,
1992,IV,P1,44,5,053,,,7.94,6.62,0.352,0.063,23.8,3.5,27.3,12,
1992,IV,P0,0,5,054,,,2.43,1.87,0.196,0.028,4.0,0.4,4.5,2,
1992,IV,P3,131,7,071,,,7.84,6.91,0.426,0.113,28.4,6.6,35.0,54,
1992,IV,P2,87,7,072,,,7.90,7.20,0.39,0.09,26.2,5.5,31.7,35,
1992,IV,P1,44,7,073,,,7.70,6.39,0.354,0.06,23.2,3.3,26.4,16,
1992,IV,P0,0,7,074,,,4.69,3.82,0.23,0.036,9.2,1.2,10.3,4,
1992,IV,P3,131,9,091,,,7.63,7.60,0.421,0.108,27.3,7.0,34.3,54,
1992,IV,P2,87,9,092,,,7.26,8.13,0.421,0.099,26.0,6.8,32.8,41,
1992,IV,P1,44,9,093,,,7.46,6.03,0.376,0.083,23.8,4.3,28.1,21,
1992,IV,P0,0,9,094,,,5.08,4.27,0.25,0.036,10.8,1.3,12.1,4,
1993,IV,P0,0,1,011,,,5.96,3.52,0.33,0.044,16.7,1.3,18.0,34.1,
1993,IV,P0,0,1,012,,,7.22,4.06,0.325,0.036,19.9,1.2,21.2,19.9,
1993,IV,P0,0,1,013,,,6.32,3.56,0.296,0.042,15.9,1.3,17.2,8.7,
1993,IV,P0,0,1,014,,,2.47,1.46,0.171,0.02,3.6,0.2,3.8,2.9,
1993,IV,P0,0,3,031,,,6.61,3.21,0.399,0.056,22.4,1.5,23.9,48.5,
1993,IV,P0,0,3,032,,,6.72,3.73,0.373,0.054,21.3,1.7,23.0,33.1,
1993,IV,P0,0,3,033,,,6.72,3.55,0.348,0.047,19.9,1.4,21.3,15.9,
1993,IV,P0,0,3,034,,,5.17,2.78,0.243,0.029,10.7,0.7,11.4,4.9,
1993,IV,P0,0,5,051,,,5.32,2.95,0.341,0.051,15.4,1.3,16.7,35.7,
1993,IV,P0,0,5,052,,,5.78,3.06,0.322,0.056,15.8,1.5,17.3,24.5,
1993,IV,P0,0,5,053,,,5.52,2.93,0.299,0.047,14.0,1.2,15.2,11.1,
1993,IV,P0,0,5,054,,,2.84,1.64,0.17,0.019,4.1,0.3,4.4,2.3,
1993,IV,P0,0,7,071,,,5.05,2.91,0.367,0.078,15.8,1.9,17.7,45.3,
1993,IV,P0,0,7,072,,,5.63,3.19,0.348,0.046,16.7,1.2,17.9,30.3,
1993,IV,P0,0,7,073,,,4.99,2.71,0.307,0.044,13.0,1.0,14.0,14.1,
1993,IV,P0,0,7,074,,,3.98,2.19,0.218,0.025,7.4,0.5,7.8,4.7,
1993,IV,P0,0,9,091,,,6.72,3.46,0.388,0.051,22.2,1.5,23.7,52.5,
1993,IV,P0,0,9,092,,,6.11,3.80,0.356,0.057,18.5,1.8,20.3,36.3,
1993,IV,P0,0,9,093,,,6.44,3.23,0.318,0.051,17.4,1.4,18.8,14.1,
1993,IV,P0,0,9,094,,,4.44,2.01,0.212,0.025,8.0,0.4,8.4,5.1,
1994,IV,P0,0,1,011,,,7.88,4.74,0.336,0.038,22.5,1.5,24.0,,
1994,IV,P0,0,1,012,,,7.62,4.58,0.329,0.032,21.3,1.2,22.6,,
1994,IV,P0,0,1,013,,,7.29,4.44,0.28,0.023,17.4,0.9,18.2,,
1994,IV,P0,0,1,014,,,2.42,1.35,0.18,0.017,3.7,0.2,3.9,,
1994,IV,P0,0,3,031,,,7.53,4.50,0.325,0.027,20.8,1.0,21.8,,
1994,IV,P0,0,3,032,,,8.07,4.68,0.33,0.033,22.6,1.3,23.9,,
1994,IV,P0,0,3,033,,,8.07,4.80,0.275,0.022,18.9,0.9,19.8,,
1994,IV,P0,0,3,034,,,6.45,3.59,0.204,0.015,11.2,0.5,11.6,,
1994,IV,P0,0,5,051,,,7.54,4.18,0.348,0.053,22.3,1.9,24.2,,
1994,IV,P0,0,5,052,,,7.75,4.45,0.333,0.045,21.9,1.7,23.6,,
1994,IV,P0,0,5,053,,,7.41,4.42,0.303,0.027,19.1,1.0,20.1,,
1994,IV,P0,0,5,054,,,2.32,1.08,0.221,0.016,4.4,0.1,4.5,,
1994,IV,P0,0,7,071,,,7.87,4.36,0.274,0.024,18.3,0.9,19.2,,
1994,IV,P0,0,7,072,,,7.87,4.54,0.35,0.035,23.4,1.4,24.8,,
1994,IV,P0,0,7,073,,,7.60,4.74,0.317,0.029,20.5,1.2,21.6,,
1994,IV,P0,0,7,074,,,5.75,3.22,0.341,0.034,16.7,0.9,17.6,,
1994,IV,P0,0,9,091,,,8.07,4.86,0.305,0.024,20.9,1.0,21.9,,
1994,IV,P0,0,9,092,,,8.69,5.35,0.282,0.02,20.8,0.9,21.7,,
1994,IV,P0,0,9,093,,,8.09,4.97,0.255,0.019,17.5,0.8,18.3,,
1994,IV,P0,0,9,094,,,6.34,3.79,0.306,0.029,16.5,0.9,17.4,,
1995,IV,P0,0,1,011,,,6.29,2.55,0.321,0.03,17.2,0.7,17.8,,
1995,IV,P0,0,1,012,,,5.87,2.56,0.316,0.026,15.8,0.6,16.3,,
1995,IV,P0,0,1,013,,,4.78,1.59,0.284,0.023,11.5,0.3,11.8,,
1995,IV,P0,0,1,014,,,1.97,0.70,0.209,0.017,3.5,0.1,3.6,,
1995,IV,P0,0,3,031,,,6.41,2.48,0.371,0.031,20.2,0.7,20.9,,
1995,IV,P0,0,3,032,,,6.43,2.60,0.354,0.025,19.3,0.6,19.9,,
1995,IV,P0,0,3,033,,,6.06,2.26,0.356,0.025,18.3,0.5,18.8,,
1995,IV,P0,0,3,034,,,5.10,1.56,0.226,0.014,9.8,0.2,10.0,,
1995,IV,P0,0,5,051,,,6.41,2.65,0.341,0.035,18.6,0.8,19.4,,
1995,IV,P0,0,5,052,,,6.21,2.44,0.322,0.027,17.0,0.6,17.6,,
1995,IV,P0,0,5,053,,,5.35,1.80,0.297,0.025,13.5,0.4,13.9,,
1995,IV,P0,0,5,054,,,2.93,0.96,0.215,0.017,5.4,0.1,5.5,,
1995,IV,P0,0,7,071,,,6.65,2.53,0.35,0.034,19.8,0.7,20.5,,
1995,IV,P0,0,7,072,,,6.23,2.31,0.333,0.037,17.6,0.7,18.4,,
1995,IV,P0,0,7,073,,,5.45,1.81,0.31,0.021,14.4,0.3,14.7,,
1995,IV,P0,0,7,074,,,4.20,0.93,0.234,0.015,8.4,0.1,8.5,,
1995,IV,P0,0,9,091,,,6.23,2.02,0.368,0.029,19.5,0.5,20.0,,
1995,IV,P0,0,9,092,,,6.63,2.40,0.352,0.034,19.8,0.7,20.5,,
1995,IV,P0,0,9,093,,,6.17,2.05,0.305,0.023,16.0,0.4,16.4,,
1995,IV,P0,0,9,094,,,4.51,1.40,0.234,0.017,9.0,0.2,9.2,,
1996,IV,P0,0,1,011,,,7.91,4.46,0.241,0.031,16.2,1.2,17.4,22.0,
1996,IV,P0,0,1,012,,,7.65,4.08,0.222,0.03,14.4,1.0,15.5,12.8,
1996,IV,P0,0,1,013,,,7.16,3.20,0.202,0.02,12.3,0.5,12.8,5.0,
1996,IV,P0,0,1,014,,,3.33,1.54,0.173,0.014,4.9,0.2,5.1,1.8,
1996,IV,P0,0,3,031,,,7.56,3.92,0.268,0.037,17.2,1.2,18.5,40.6,
1996,IV,P0,0,3,032,,,7.98,4.04,0.247,0.031,16.8,1.1,17.8,27.0,
1996,IV,P0,0,3,033,,,7.68,3.66,0.236,0.025,15.4,0.8,16.2,13.2,
1996,IV,P0,0,3,034,,,6.81,3.07,0.189,0.016,10.9,0.4,11.4,4.4,
1996,IV,P0,0,5,051,,,7.13,3.76,0.232,0.033,14.1,1.1,15.1,24.0,
1996,IV,P0,0,5,052,,,7.53,3.76,0.225,0.029,14.4,0.9,15.3,15.0,
1996,IV,P0,0,5,053,,,7.69,3.80,0.194,0.02,12.7,0.6,13.3,6.8,
1996,IV,P0,0,5,054,,,3.50,1.70,0.179,0.016,5.3,0.2,5.6,2.6,
1996,IV,P0,0,7,071,,,7.47,3.44,0.256,0.032,16.3,0.9,17.2,32.6,
1996,IV,P0,0,7,072,,,7.25,3.39,0.247,0.029,15.2,0.8,16.1,22.8,
1996,IV,P0,0,7,073,,,7.39,3.70,0.224,0.023,14.1,0.7,14.8,10.4,
1996,IV,P0,0,7,074,,,6.27,2.68,0.171,0.015,9.1,0.3,9.5,3.6,
1996,IV,P0,0,9,091,,,8.12,3.81,0.273,0.036,18.8,1.2,20.0,41.0,
1996,IV,P0,0,9,092,,,8.35,3.87,0.262,0.033,18.6,1.1,19.7,25.6,
1996,IV,P0,0,9,093,,,8.20,3.68,0.219,0.026,15.3,0.8,16.1,11.4,
1996,IV,P0,0,9,094,,,6.78,2.85,0.189,0.018,10.9,0.4,11.3,3.6,
1997,IV,P0,0,1,011,,,7.25,2.81,0.309,0.076,19.0,1.8,20.9,,
1997,IV,P0,0,1,012,,,6.86,2.82,0.305,0.064,17.8,1.5,19.3,,
1997,IV,P0,0,1,013,,,5.01,2.02,0.284,0.07,12.1,1.2,13.3,,
1997,IV,P0,0,1,014,,,1.28,0.31,0.248,0.035,2.7,0.1,2.8,,
1997,IV,P0,0,3,031,,,7.47,2.58,0.332,0.077,21.1,1.7,22.8,,
1997,IV,P0,0,3,032,,,7.60,3.01,0.311,0.069,20.1,1.8,21.9,,
1997,IV,P0,0,3,033,,,6.61,2.66,0.334,0.064,18.8,1.4,20.2,,
1997,IV,P0,0,3,034,,,4.78,1.61,0.273,0.042,11.1,0.6,11.7,,
1997,IV,P0,0,5,051,,,7.46,2.90,0.307,0.076,19.5,1.9,21.3,,
1997,IV,P0,0,5,052,,,7.40,2.99,0.295,0.063,18.6,1.6,20.2,,
1997,IV,P0,0,5,053,,,5.71,2.07,0.254,0.059,12.3,1.0,13.4,,
1997,IV,P0,0,5,054,,,1.68,0.66,0.238,0.037,3.4,0.2,3.6,,
1997,IV,P0,0,7,071,,,7.70,2.89,0.318,0.07,20.8,1.7,22.5,,
1997,IV,P0,0,7,072,,,7.33,3.09,0.326,0.069,20.3,1.8,22.1,,
1997,IV,P0,0,7,073,,,6.56,2.49,0.32,0.062,17.8,1.3,19.2,,
1997,IV,P0,0,7,074,,,4.09,1.46,0.267,0.039,9.3,0.5,9.8,,
1997,IV,P0,0,9,091,,,7.44,2.78,0.345,0.074,21.8,1.7,23.6,,
1997,IV,P0,0,9,092,,,7.71,2.96,0.302,0.069,19.8,1.7,21.5,,
1997,IV,P0,0,9,093,,,6.69,2.41,0.343,0.065,19.5,1.3,20.8,,
1997,IV,P0,0,9,094,,,4.58,1.50,0.264,0.039,10.3,0.5,10.8,,
1998,IV,P0,0,1,011,,,8.01,6.88,0.357,0.078,24.3,4.6,28.9,,
1998,IV,P0,0,1,012,,,7.62,7.13,0.368,0.063,23.8,3.8,27.7,,
1998,IV,P0,0,1,013,,,7.22,6.13,0.289,0.042,17.7,2.2,19.9,,
1998,IV,P0,0,1,014,,,3.38,3.18,0.166,0.023,4.8,0.6,5.4,,
1998,IV,P0,0,3,031,,,7.88,8.10,0.396,0.108,26.5,7.4,34.0,,
1998,IV,P0,0,3,032,,,7.70,7.25,0.38,0.106,24.9,6.5,31.4,,
1998,IV,P0,0,3,033,,,7.62,7.17,0.37,0.098,24.0,6.0,29.9,,
1998,IV,P0,0,3,034,,,6.98,5.92,0.272,0.032,16.1,1.6,17.7,,
1998,IV,P0,0,5,051,,,7.61,7.53,0.388,0.083,25.1,5.3,30.4,,
1998,IV,P0,0,5,052,,,7.73,7.73,0.39,0.087,25.6,5.7,31.3,,
1998,IV,P0,0,5,053,,,7.48,6.25,0.31,0.062,19.7,3.3,23.0,,
1998,IV,P0,0,5,054,,,3.43,3.46,0.175,0.023,5.1,0.7,5.8,,
1998,IV,P0,0,7,071,,,8.05,7.80,0.401,0.099,27.4,6.6,34.0,,
1998,IV,P0,0,7,072,,,7.77,7.52,0.392,0.093,25.9,5.9,31.8,,
1998,IV,P0,0,7,073,,,7.41,6.91,0.377,0.083,23.7,4.9,28.6,,
1998,IV,P0,0,7,074,,,6.40,5.64,0.25,0.025,13.6,1.2,14.8,,
1998,IV,P0,0,9,091,,,7.41,7.90,0.371,0.085,23.4,5.7,29.1,,
1998,IV,P0,0,9,092,,,7.72,8.03,0.394,0.097,25.9,6.6,32.5,,
1998,IV,P0,0,9,093,,,7.32,7.42,0.369,0.07,23.0,4.4,27.4,,
1998,IV,P0,0,9,094,,,6.19,6.13,0.251,0.03,13.2,1.6,14.8,,
1999,IV,P0,0,1,011,,,5.74,3.75,0.286,0.047,14.0,1.5,15.5,16.2,
1999,IV,P0,0,1,012,,,5.59,3.73,0.276,0.048,13.1,1.5,14.6,9.2,
1999,IV,P0,0,1,013,,,4.76,3.14,0.227,0.024,9.2,0.6,9.8,4.0,
1999,IV,P0,0,1,014,,,0.88,0.61,0.184,0.015,1.4,0.1,1.5,1.8,
1999,IV,P0,0,3,031,,,7.44,3.97,0.349,0.072,22.1,2.4,24.5,27.8,
1999,IV,P0,0,3,032,,,7.24,3.89,0.327,0.074,20.1,2.4,22.6,17.6,
1999,IV,P0,0,3,033,,,6.75,3.66,0.296,0.046,17.0,1.4,18.4,8.4,
1999,IV,P0,0,3,034,,,5.16,3.04,0.248,0.024,10.9,0.6,11.5,3.8,
1999,IV,P0,0,5,051,,,7.40,4.06,0.3,0.057,18.9,2.0,20.8,18.2,
1999,IV,P0,0,5,052,,,6.89,3.95,0.296,0.057,17.3,1.9,19.2,11.2,
1999,IV,P0,0,5,053,,,5.86,3.57,0.248,0.025,12.4,0.8,13.1,4.6,
1999,IV,P0,0,5,054,,,1.67,0.94,0.177,0.017,2.5,0.1,2.6,2.4,
1999,IV,P0,0,7,071,,,7.59,4.49,0.322,0.081,20.8,3.1,23.9,24.6,
1999,IV,P0,0,7,072,,,7.51,4.59,0.357,0.077,22.8,3.0,25.8,21.2,
1999,IV,P0,0,7,073,,,6.74,4.08,0.297,0.035,17.0,1.2,18.2,8.0,
1999,IV,P0,0,7,074,,,3.88,2.70,0.218,0.02,7.2,0.5,7.6,3.6,
1999,IV,P0,0,9,091,,,7.07,4.79,0.344,0.086,20.7,3.5,24.2,31.6,
1999,IV,P0,0,9,092,,,7.57,4.91,0.332,0.083,21.4,3.5,24.8,21.8,
1999,IV,P0,0,9,093,,,6.57,4.29,0.287,0.042,16.0,1.5,17.6,9.2,
1999,IV,P0,0,9,094,,,3.97,3.09,0.205,0.02,6.9,0.5,7.4,3.4,
2000,IV,P,20,1,011,,,3.77,4.21,0.286,0.071,9.2,2.5,11.7,,
2000,IV,P,20,1,012,,,3.97,5.27,0.267,0.077,9.0,3.4,12.5,,
2000,IV,P,20,1,013,,,3.51,3.98,0.213,0.064,6.4,2.2,8.5,,
2000,IV,P0,0,1,014,,,0.58,0.34,0.18,0.031,0.9,0.1,1.0,,
2000,IV,P,20,3,031,,,4.00,4.29,0.328,0.115,11.2,4.2,15.3,,
2000,IV,P,20,3,032,,,3.95,4.49,0.336,0.105,11.3,4.0,15.3,,
2000,IV,P,20,3,033,,,3.59,4.15,0.322,0.089,9.8,3.1,13.0,,
2000,IV,P0,0,3,034,,,2.11,2.27,0.215,0.045,3.9,0.9,4.7,,
2000,IV,P,20,5,051,,,3.92,3.61,0.293,0.093,9.8,2.9,12.6,,
2000,IV,P,20,5,052,,,3.43,3.83,0.263,0.086,7.7,2.8,10.5,,
2000,IV,P,20,5,053,,,3.91,3.07,0.238,0.054,7.9,1.4,9.3,,
2000,IV,P0,0,5,054,,,0.79,0.89,0.181,0.049,1.2,0.4,1.6,,
2000,IV,P,20,7,071,,,3.68,4.45,0.356,0.104,11.1,3.9,15.1,,
2000,IV,P,20,7,072,,,3.83,4.17,0.334,0.105,10.9,3.7,14.6,,
2000,IV,P,20,7,073,,,3.64,4.77,0.298,0.071,9.2,2.9,12.1,,
2000,IV,P0,0,7,074,,,1.87,2.47,0.208,0.045,3.3,0.9,4.3,,
2000,IV,P,20,9,091,,,3.81,4.65,0.352,0.122,11.4,4.8,16.2,,
2000,IV,P,20,9,092,,,4.07,4.36,0.33,0.091,11.4,3.4,14.8,,
2000,IV,P,20,9,093,,,3.75,4.20,0.272,0.059,8.7,2.1,10.8,,
2000,IV,P0,0,9,094,,,1.71,2.06,0.185,0.044,2.7,0.8,3.5,,
2001,IV,P,20,1,011,,,2.86,1.65,0.398,0.173,9.7,2.4,12.1,14.0,
2001,IV,P,20,1,012,,,3.68,1.86,0.337,0.061,10.5,1.0,11.5,8.6,
2001,IV,P,20,1,013,,,3.69,2.03,0.292,0.041,9.2,0.7,9.9,5.2,
2001,IV,P0,0,1,014,,,1.04,0.34,0.336,0.043,3.0,0.1,3.1,1.6,
2001,IV,P,20,3,031,,,4.10,1.98,0.309,0.047,10.8,0.8,11.6,30.0,
2001,IV,P,20,3,032,,,4.19,1.98,0.306,0.055,10.9,0.9,11.8,19.4,
2001,IV,P,20,3,033,,,4.03,2.16,0.321,0.048,11.0,0.9,11.9,11.2,
2001,IV,P0,0,3,034,,,2.18,1.25,0.324,0.052,6.0,0.6,6.6,3.2,
2001,IV,P,20,5,051,,,3.36,1.36,0.333,0.123,9.5,1.4,10.9,17.4,
2001,IV,P,20,5,052,,,4.02,2.28,0.29,0.048,9.9,0.9,10.8,12.8,
2001,IV,P,20,5,053,,,3.52,1.82,0.266,0.052,8.0,0.8,8.8,7.0,
2001,IV,P0,0,5,054,,,1.44,0.40,0.307,0.047,3.8,0.2,3.9,2.4,
2001,IV,P,20,7,071,,,4.09,1.70,0.313,0.051,10.9,0.7,11.6,23.2,
2001,IV,P,20,7,072,,,4.15,2.54,0.332,0.048,11.7,1.0,12.7,22.8,
2001,IV,P,20,7,073,,,3.84,1.87,0.297,0.038,9.7,0.6,10.3,11.2,
2001,IV,P0,0,7,074,,,2.15,0.84,0.319,0.044,5.8,0.3,6.1,3.0,
2001,IV,P,20,9,091,,,4.00,1.77,0.326,0.054,11.1,0.8,11.9,31.2,
2001,IV,P,20,9,092,,,4.64,2.30,0.3,0.056,11.8,1.1,12.9,23.4,
2001,IV,P,20,9,093,,,4.00,1.74,0.298,0.04,10.1,0.6,10.7,10.8,
2001,IV,P0,0,9,094,,,2.20,0.86,0.354,0.049,6.6,0.4,7.0,3.6,
2002,IV,P,20,1,011,,,5.96,2.65,0.285,0.088,14.4,2.0,16.4,,
2002,IV,P,20,1,012,,,5.96,3.18,0.286,0.066,14.5,1.8,16.3,,
2002,IV,P,20,1,013,,,4.94,2.47,0.243,0.043,10.2,0.9,11.1,,
2002,IV,P0,0,1,014,,,1.04,1.04,0.163,0.053,1.4,0.5,1.9,,
2002,IV,P,20,3,031,,,7.43,3.75,0.33,0.083,20.8,2.6,23.5,,
2002,IV,P,20,3,032,,,7.62,3.99,0.32,0.078,20.7,2.6,23.4,,
2002,IV,P,20,3,033,,,6.91,3.56,0.34,0.08,20.0,2.4,22.4,,
2002,IV,P0,0,3,034,,,4.02,2.64,0.21,0.038,7.2,0.9,8.0,,
2002,IV,P,20,5,051,,,4.66,2.74,0.287,0.124,11.4,2.9,14.3,,
2002,IV,P,20,5,052,,,6.14,3.16,0.268,0.064,14.0,1.7,15.7,,
2002,IV,P,20,5,053,,,5.28,2.93,0.256,0.064,11.5,1.6,13.1,,
2002,IV,P0,0,5,054,,,1.15,1.71,0.193,0.091,1.9,1.3,3.2,,
2002,IV,P,20,7,071,,,6.30,2.81,0.328,0.088,17.6,2.1,19.7,,
2002,IV,P,20,7,072,,,7.10,3.33,0.322,0.108,19.4,3.1,22.5,,
2002,IV,P,20,7,073,,,6.27,3.35,0.288,0.067,15.3,1.9,17.3,,
2002,IV,P0,0,7,074,,,3.04,2.36,0.215,0.075,5.6,1.5,7.1,,
2002,IV,P,20,9,091,,,6.46,3.08,0.327,0.11,18.0,2.9,20.8,,
2002,IV,P,20,9,092,,,6.72,2.96,0.338,0.074,19.3,1.9,21.2,,
2002,IV,P,20,9,093,,,6.52,2.93,0.294,0.057,16.3,1.4,17.7,,
2002,IV,P0,0,9,094,,,4.00,2.99,0.22,0.053,7.5,1.3,8.8,,
2003,IV,P,20,1,011,,,5.73,2.54,0.29,0.022,14.1,0.5,14.6,,
2003,IV,P,20,1,012,,,6.57,3.07,0.255,0.023,14.2,0.6,14.8,,
2003,IV,P,20,1,013,,,6.07,2.20,0.247,0.024,12.7,0.4,13.2,,
2003,IV,P0,0,1,014,,,2.48,0.88,0.182,0.018,3.8,0.1,4.0,,
2003,IV,P,20,3,031,,,6.97,3.17,0.295,0.029,17.5,0.8,18.3,,
2003,IV,P,20,3,032,,,6.39,2.67,0.307,0.029,16.7,0.7,17.3,,
2003,IV,P,20,3,033,,,6.23,2.47,0.275,0.026,14.6,0.5,15.1,,
2003,IV,P0,0,3,034,,,4.20,1.41,0.2,0.019,7.1,0.2,7.4,,
2003,IV,P,20,5,051,,,6.12,2.53,0.262,0.028,13.6,0.6,14.2,,
2003,IV,P,20,5,052,,,6.62,2.47,0.269,0.023,15.1,0.5,15.6,,
2003,IV,P,20,5,053,,,6.33,2.71,0.252,0.022,13.6,0.5,14.1,,
2003,IV,P0,0,5,054,,,2.84,1.27,0.18,0.015,4.3,0.2,4.5,,
2003,IV,P,20,7,071,,,7.08,2.97,0.29,0.024,17.5,0.6,18.1,,
2003,IV,P,20,7,072,,,5.91,2.30,0.258,0.024,13.0,0.5,13.4,,
2003,IV,P,20,7,073,,,6.17,2.26,0.263,0.019,13.8,0.4,14.2,,
2003,IV,P0,0,7,074,,,4.59,1.42,0.197,0.016,7.7,0.2,7.9,,
2003,IV,P,20,9,091,,,6.33,2.25,0.277,0.027,14.9,0.5,15.4,,
2003,IV,P,20,9,092,,,6.60,2.50,0.28,0.023,15.7,0.5,16.2,,
2003,IV,P,20,9,093,,,6.78,2.16,0.269,0.021,15.5,0.4,15.9,,
2003,IV,P0,0,9,094,,,5.18,1.63,0.189,0.019,8.3,0.3,8.6,,
2004,IV,P,20,1,011,,,6.80,3.74,0.195,0.02,11.3,0.6,11.9,19.2,
2004,IV,P,20,1,012,,,7.38,4.15,0.186,0.017,11.7,0.6,12.3,12.6,
2004,IV,P,20,1,013,,,6.18,3.04,0.191,0.016,10.0,0.4,10.4,9.2,
2004,IV,P0,0,1,014,,,1.35,0.50,0.167,0.013,1.9,0.1,2.0,3.6,
2004,IV,P,20,3,031,,,7.92,4.24,0.201,0.023,13.5,0.8,14.4,31.6,
2004,IV,P,20,3,032,,,7.70,3.79,0.208,0.022,13.6,0.7,14.3,22.6,
2004,IV,P,20,3,033,,,7.31,3.73,0.185,0.018,11.5,0.6,12.1,12.8,
2004,IV,P0,0,3,034,,,2.89,1.22,0.178,0.017,4.4,0.2,4.5,4.8,
2004,IV,P,20,5,051,,,7.07,3.66,0.187,0.02,11.2,0.6,11.9,21.2,
2004,IV,P,20,5,052,,,7.98,3.80,0.193,0.018,13.1,0.6,13.7,15.6,
2004,IV,P,20,5,053,,,6.99,3.50,0.165,0.016,9.8,0.5,10.3,8.8,
2004,IV,P0,0,5,054,,,0.88,0.16,0.15,0.014,1.1,0.0,1.1,4.0,
2004,IV,P,20,7,071,,,8.59,4.07,0.209,0.023,15.3,0.8,16.1,29.8,
2004,IV,P,20,7,072,,,7.76,3.31,0.2,0.02,13.2,0.6,13.8,21.8,
2004,IV,P,20,7,073,,,7.54,3.85,0.169,0.017,10.8,0.6,11.4,14.6,
2004,IV,P0,0,7,074,,,2.82,0.92,0.172,0.014,4.1,0.1,4.2,6.0,
2004,IV,P,20,9,091,,,7.92,3.85,0.202,0.02,13.6,0.7,14.3,30.8,
2004,IV,P,20,9,092,,,8.32,3.90,0.192,0.023,13.6,0.8,14.3,24.0,
2004,IV,P,20,9,093,,,7.51,3.79,0.162,0.019,10.3,0.6,11.0,13.8,
2004,IV,P0,0,9,094,,,3.14,1.25,0.188,0.016,5.0,0.2,5.2,4.6,
2005,IV,P,20,1,011,,,9.50,4.84,0.242,0.022,19.5,0.9,20.4,,
2005,IV,P,20,1,012,,,9.75,5.23,0.239,0.019,19.8,0.8,20.7,,
2005,IV,P,20,1,013,,,9.80,4.70,0.215,0.017,17.9,0.7,18.6,,
2005,IV,P0,0,1,014,,,4.35,1.87,0.157,0.01,5.8,0.2,6.0,,
2005,IV,P,20,3,031,,,9.42,5.62,0.256,0.022,20.5,1.1,21.5,,
2005,IV,P,20,3,032,,,9.61,5.63,0.261,0.022,21.3,1.1,22.4,,
2005,IV,P,20,3,033,,,9.98,5.38,0.247,0.021,21.0,1.0,21.9,,
2005,IV,P0,0,3,034,,,7.85,3.24,0.187,0.011,12.5,0.3,12.8,,
2005,IV,P,20,5,051,,,9.35,4.47,0.227,0.022,18.0,0.8,18.9,,
2005,IV,P,20,5,052,,,10.37,5.19,0.24,0.02,21.2,0.9,22.0,,
2005,IV,P,20,5,053,,,9.57,4.16,0.215,0.018,17.5,0.6,18.1,,
2005,IV,P0,0,5,054,,,4.85,2.13,0.154,0.011,6.3,0.2,6.5,,
2005,IV,P,20,7,071,,,9.79,4.60,0.239,0.022,19.9,0.9,20.7,,
2005,IV,P,20,7,072,,,9.49,5.33,0.252,0.023,20.3,1.0,21.4,,
2005,IV,P,20,7,073,,,9.44,5.09,0.24,0.021,19.3,0.9,20.2,,
2005,IV,P0,0,7,074,,,6.59,2.95,0.189,0.014,10.6,0.4,10.9,,
2005,IV,P,20,9,091,,,9.55,5.27,0.267,0.029,21.7,1.3,23.0,,
2005,IV,P,20,9,092,,,10.35,5.58,0.262,0.026,23.0,1.2,24.3,,
2005,IV,P,20,9,093,,,10.18,5.28,0.247,0.022,21.4,1.0,22.4,,
2005,IV,P0,0,9,094,,,7.84,3.44,0.193,0.016,12.9,0.5,13.3,,
2006,IV,P,20,1,011,,,8.01,6.21,0.225,0.034,15.3,1.8,17.1,20.4,528
2006,IV,P,20,1,012,,,8.34,6.00,0.226,0.029,16.0,1.5,17.5,14.6,451
2006,IV,P,20,1,013,,,7.88,5.17,0.199,0.017,13.3,0.7,14.1,8.4,432
2006,IV,P0,0,1,014,,,1.74,0.85,0.16,0.015,2.4,0.1,2.5,3.3,354
2006,IV,P,20,3,031,,,8.36,6.51,0.247,0.042,17.6,2.3,19.9,32.2,725
2006,IV,P,20,3,032,,,8.45,6.43,0.229,0.039,16.4,2.1,18.6,24.7,572
2006,IV,P,20,3,033,,,8.85,6.19,0.212,0.034,15.9,1.8,17.7,17.2,526
2006,IV,P0,0,3,034,,,4.72,2.83,0.176,0.015,7.1,0.4,7.4,6.1,415
2006,IV,P,20,5,051,,,8.12,6.10,0.23,0.026,15.9,1.3,17.2,22.1,524
2006,IV,P,20,5,052,,,8.92,6.29,0.214,0.026,16.2,1.4,17.6,14.7,487
2006,IV,P,20,5,053,,,7.77,5.19,0.197,0.025,13.0,1.1,14.1,10.7,438
2006,IV,P0,0,5,054,,,1.20,0.77,0.142,0.015,1.4,0.1,1.5,3.4,362
2006,IV,P,20,7,071,,,8.80,6.37,0.23,0.034,17.2,1.8,19.0,30.6,597
2006,IV,P,20,7,072,,,7.82,6.19,0.227,0.036,15.1,1.9,17.0,23.6,598
2006,IV,P,20,7,073,,,8.38,6.17,0.197,0.026,14.0,1.4,15.4,14.4,540
2006,IV,P0,0,7,074,,,3.75,2.30,0.156,0.013,5.0,0.3,5.2,5.2,399
2006,IV,P,20,9,091,,,8.00,5.90,0.24,0.039,16.3,2.0,18.3,32.9,626
2006,IV,P,20,9,092,,,8.66,6.19,0.227,0.035,16.7,1.8,18.6,25.3,673
2006,IV,P,20,9,093,,,8.56,6.10,0.209,0.028,15.2,1.5,16.7,13.3,485
2006,IV,P0,0,9,094,,,4.87,2.89,0.174,0.017,7.2,0.4,7.6,3.9,394
2007,IV,P,20,1,011,,,5.38,1.51,0.28,0.054,12.8,0.7,13.5,,
2007,IV,P,20,1,012,,,5.25,1.64,0.273,0.041,12.2,0.6,12.8,,
2007,IV,P,20,1,013,,,4.22,0.99,0.267,0.037,9.6,0.3,9.9,,
2007,IV,P0,0,1,014,,,1.93,0.38,0.184,0.017,3.0,0.1,3.1,,
2007,IV,P,20,3,031,,,5.53,1.42,0.288,0.059,13.5,0.7,14.2,,
2007,IV,P,20,3,032,,,5.27,1.58,0.314,0.061,14.1,0.8,14.9,,
2007,IV,P,20,3,033,,,4.66,1.29,0.271,0.045,10.7,0.5,11.2,,
2007,IV,P0,0,3,034,,,2.85,0.75,0.19,0.023,4.6,0.1,4.7,,
2007,IV,P,20,5,051,,,4.65,1.93,0.258,0.045,10.2,0.7,10.9,,
2007,IV,P,20,5,052,,,4.78,1.98,0.258,0.044,10.5,0.7,11.2,,
2007,IV,P,20,5,053,,,3.95,1.64,0.235,0.037,7.9,0.5,8.4,,
2007,IV,P0,0,5,054,,,1.81,0.82,0.165,0.021,2.5,0.1,2.7,,
2007,IV,P,20,7,071,,,5.13,1.78,0.283,0.045,12.3,0.7,13.0,,
2007,IV,P,20,7,072,,,5.03,1.58,0.314,0.045,13.4,0.6,14.0,,
2007,IV,P,20,7,073,,,3.67,1.04,0.264,0.054,8.2,0.5,8.7,,
2007,IV,P0,0,7,074,,,2.09,0.61,0.185,0.02,3.3,0.1,3.4,,
2007,IV,P,20,9,091,,,5.10,1.75,0.27,0.046,11.7,0.7,12.4,,
2007,IV,P,20,9,092,,,5.71,1.63,0.286,0.046,13.9,0.6,14.5,,
2007,IV,P,20,9,093,,,4.77,1.16,0.26,0.043,10.5,0.4,11.0,,
2007,IV,P0,0,9,094,,,3.28,1.07,0.198,0.025,5.5,0.2,5.7,,
2008,IV,P,20,1,011,,,9.80,5.11,0.203,0.031,16.9,1.3,18.3,16.8,
2008,IV,P,20,1,012,,,9.28,5.02,0.213,0.023,16.8,1.0,17.8,11.6,
2008,IV,P,20,1,013,,,8.96,4.24,0.188,0.021,14.3,0.8,15.1,6.7,
2008,IV,P0,0,1,014,,,3.41,1.94,0.138,0.013,4.0,0.2,4.2,1.7,
2008,IV,P,20,3,031,,,10.84,5.80,0.229,0.032,21.1,1.6,22.7,31.0,
2008,IV,P,20,3,032,,,10.53,5.88,0.225,0.037,20.1,1.8,22.0,22.1,
2008,IV,P,20,3,033,,,10.21,5.63,0.215,0.033,18.7,1.6,20.2,13.7,
2008,IV,P0,0,3,034,,,7.50,4.13,0.196,0.018,12.5,0.6,13.1,3.7,
2008,IV,P,20,5,051,,,10.31,5.50,0.172,0.023,15.1,1.1,16.1,19.5,
2008,IV,P,20,5,052,,,10.23,5.79,0.194,0.03,16.9,1.5,18.3,13.4,
2008,IV,P,20,5,053,,,8.95,4.81,0.166,0.027,12.6,1.1,13.7,8.3,
2008,IV,P0,0,5,054,,,2.83,1.68,0.143,0.011,3.4,0.2,3.6,1.5,
2008,IV,P,20,7,071,,,10.90,5.39,0.203,0.037,18.8,1.7,20.5,28.3,
2008,IV,P,20,7,072,,,10.56,5.42,0.222,0.038,19.9,1.8,21.7,23.7,
2008,IV,P,20,7,073,,,9.71,5.14,0.217,0.031,17.9,1.4,19.3,14.9,
2008,IV,P0,0,7,074,,,6.73,3.45,0.15,0.015,8.6,0.4,9.0,4.1,
2008,IV,P,20,9,091,,,10.45,5.94,0.215,0.028,19.1,1.4,20.5,32.9,
2008,IV,P,20,9,092,,,10.20,5.75,0.225,0.027,19.5,1.3,20.8,25.7,
2008,IV,P,20,9,093,,,10.07,5.69,0.188,0.026,16.1,1.3,17.3,13.6,
2008,IV,P0,0,9,094,,,6.53,3.62,0.159,0.015,8.8,0.5,9.3,4.1,
