description,years,treatment_factor,treatment_factor_rdfType,factor_level_name,amount,amount_unit,frequency,treatment_form,treatment_form_rdfType
"Ground chalk applied as necessary to maintain soil at pH 7. Liming rates differ between plots and applications, refer to crop_data.liming_rate for the amounts applied, summing this column for a plot will give the total amount applied during the period  https://doi.org/10.23637/rpg5-LimeTreats-01",1965-2018,pH exposure,http://purl.obolibrary.org/obo/PECO_0007171,a,0.0 - 22.0,t CaCO3 ha-1 ,applied every 3rd year from 1994,Ground limestone/chalk,http://aims.fao.org/aos/agrovoc/c_4342
"Ground chalk applied as necessary to maintain soil at pH 6. Liming rates differ between plots and applications, refer to crop_data.liming_rate for the amounts applied, summing this column for a plot will give the total amount applied during the period https://doi.org/10.23637/rpg5-LimeTreats-01",1965-2018,pH exposure,http://purl.obolibrary.org/obo/PECO_0007171,b,0.0-11.50,t CaCO3 ha-1 ,applied every 3rd year from 1994,Ground limestone/chalk,http://aims.fao.org/aos/agrovoc/c_4342
"Ground chalk applied as necessary to maintain soil at pH 5. Liming rates differ between plots and applications, refer to crop_data.liming_rate for the amounts applied, summing this column for a plot will give the total amount applied during the period https://doi.org/10.23637/rpg5-LimeTreats-01",1965-2018,pH exposure,http://purl.obolibrary.org/obo/PECO_0007171,c,0.0-9.00,t CaCO3 ha-1 ,applied every 3rd year from 1994,Ground limestone/chalk,http://aims.fao.org/aos/agrovoc/c_4342
No ground chalk applied to maintain soil pH,1965-2018,pH exposure,http://purl.obolibrary.org/obo/PECO_0007171,d,0,t CaCO3 ha-1 ,not applied,Ground limestone/chalk,http://aims.fao.org/aos/agrovoc/c_4342
