note_id,description
1,"No species data for plot 13-1a and 13-1c in 1995; No data for plot 2-1a, 2-1c and 2-1d in 1996; No data for plot 13-1a and 13-1c in 1996."
2,"Plot 2: In 1996 plots 2a, 2b, 2c, 2d (a long-term nil treatment) was split into plots 2-1a & 2-2a, 2-1b & 2-2b, 2-1c & 2-2c, and 2-1d & 2-2d respectively, with plots 2-1a-d receiving K fertilizer only."
3,"Plot 9: In 1990 plots 9a, 9b, 9c, 9d split into plots 9-1a & 9-2a, 9-1b & 9-2b, 9-1c & 9-2c, and 9-1d & 9-2d respectively, with nitrogen fertilizer no longer applied to plots 9-1a-d, to investigate effects of withholding N"
4,"Plot 14: In 1990 plots 14a, 14b, 14c and 14d split into plots 14-1a & 14-2a, 14-1b & 14-2b, 14-1c & 14-2c and 14-1d & 14-2d respectively, with nitrogen fertilizer no longer applied to plots 14-1a-d, , to investigate effects of withholding N."
5,"Plot 13: In 1995 plots 13a, 13b, 13c and 13d were split into plots 13-1a & 13-2a, 13-1b & 13-2b, 13-1c & 13-2c and 13-1d & 13-2d respectively. Manures then witheld from 13-1 plots. Last FYM applied to plots 13-1 in 1993. Last FM to 13-1 applied in error (Dec 1994) for the 1995 harvest. For 13-2 plots FM replaced by PM in 2003, PM first applied in 2003.  Last FYM applied to plots 13-1a-d in 1993, last FM to plot 13-1 in 1995 (error). First PM to 13-2 in 2003."
6,"Plots 18, 19, 20: Plots 18-2, 19-1,2,3 and 20-1,2,3 not included in the liming scheme in 1965"
7,"Plot 20: Plot 20 receives 15 kg P in years when no farmyard manure is applied instead of the 17 kg P which other plots receive, and 45 kg K instead of 225 kg K"
8,Plot 9: Plot 9-1 previously received N before split in 1990 indicated as (N)
9,Plot 14: Plot 14-1 previously received N before split in 1990 indicated as (N*2)
10,Plot 6: No sub-plots c and d on plot 6 as these are microplots used for other experiments .
11,"Hypochoeris radicata, or Cat's-ear, is sometimes spelled Hypochaeris radicata"
12,Syn.
