{
  "resources": [
    {
      "path": "crop_data.csv",
      "name": "crop_data",
      "profile": "tabular-data-resource",
      "scheme": "file",
      "format": "csv",
      "hashing": "md5",
      "stats": {
        "hash": "4f98b653606defe71e64bb59058aaff1",
        "bytes": 954040,
        "fields": 39,
        "rows": 4760
      },
      "encoding": "utf-8",
      "schema": {
        "fields": [
          {
            "name": "site",
            "type": "string",
            "format": "default",
            "title": "Site Name",
            "rdfType": "http://schema.org/name",
            "description": "Rothamsted"
          },
          {
            "name": "plot_id",
            "type": "string",
            "format": "default",
            "title": "Plot ID",
            "rdfType": "http://purl.obolibrary.org/obo/STATO_0000447",
            "description": "Fully qualified plot identifier"
          },
          {
            "name": "plot",
            "type": "string",
            "format": "default",
            "bareNumber": true,
            "title": "Whole plot ID",
            "rdfType": "http://purl.obolibrary.org/obo/STATO_0000447",
            "description": "The original scheme plot number. In 1903 most whole plots had been split in half with the southern half receiving lime. In 1965 limed and unlimed half plots were split again halved on their North-South axis to give the 4 plots labelled a, b, c & d. Additionally some plots were split on their East-West axis. Refer to the reference for complete details of plot split histories. Plots 5 and 6c & d are microplots and not used in the yields experiment."
          },
          {
            "name": "split_plot",
            "type": "string",
            "format": "default",
            "title": "Sub sub-plot ID",
            "rdfType": "http://purl.obolibrary.org/obo/STATO_0000449",
            "description": "The sub-sub-plot number; original plots subsequently split. Since 1990, plots 9 and 14 have been divided into 9-1 &  9-2 and 14-1 & 14-2. Since 1995, plot 13 has been split into 13-1 & 13-2. Since 1996, plot 2 has been split into 2-1 & 2-2. Plot 7 was divided into 7-1 and 7-2 in 2013 and P withheld from 7-1. Note; in data file plot-splits are shown with a hyphen '-' whereas in the plan they are indicated by a slash '/' e.g. plot 9-1 is equivalent to 9/1."
          },
          {
            "name": "sub_plot",
            "type": "string",
            "format": "default",
            "title": "Sub-plot ID",
            "rdfType": "http://purl.obolibrary.org/obo/STATO_0000448",
            "description": "Plots were divided into four in 1965; a, b, c and d. Plot 12 was not included in the a,b,c,d set up until 1976, between 1965-1975 it was two half-plots 12ab and 12cd neither of which received lime.  Plot 15 1965-1975 was two halves 15ab (limed) and 15cd (unlimed), it became a,b,c,d sub-plots in 1976-2018. Plots 18/2, 19/1-3 and 20/1-3 were not included in the liming scheme in 1965."
          },
          {
            "name": "harvest_year",
            "type": "year",
            "format": "default",
            "bareNumber": true,
            "title": "Year in which crop harvested",
            "rdfType": "https://schema.org/Date",
            "description": "The year of cut; range 1965-2018"
          },
          {
            "name": "treatments",
            "type": "integer",
            "format": "default",
            "title": "Treatment combination",
            "rdfType": "http://purl.obolibrary.org/obo/STATO_0000264",
            "description": "Full fertiliser treatment combination for plot"
          },
          {
            "name": "n_factor_level",
            "type": "string",
            "format": "default",
            "title": "N treatment",
            "rdfType": "http://purl.obolibrary.org/obo/PECO_0007102",
            "description": "Nitrogen fertilizer treatment"
          },
          {
            "name": "n_rate",
            "type": "number",
            "format": "default",
            "bareNumber": true,
            "title": "Amount of  fertilizer N applied in that harvest year",
            "rdfType": "http://purl.obolibrary.org/obo/AGRO_00010017",
            "description": "Nitrogen fertilizer amount"
          },
          {
            "name": "p_factor_level",
            "type": "string",
            "format": "default",
            "bareNumber": true,
            "title": "P treatment",
            "rdfType": "http://purl.obolibrary.org/obo/PECO_0007397",
            "description": "Phosphorous fertilizer treatment"
          },
          {
            "name": "p_rate",
            "type": "number",
            "format": "default",
            "bareNumber": true,
            "title": "Amount of fertilizer P applied in that harvest year",
            "rdfType": "http://purl.obolibrary.org/obo/AGRO_00010017",
            "description": "Phosphorous fertilizer amount"
          },
          {
            "name": "k_factor_level",
            "type": "string",
            "format": "default",
            "bareNumber": true,
            "title": "K treatment",
            "rdfType": "http://purl.obolibrary.org/obo/PECO_0007293",
            "description": "Potassium fertilizer treatment"
          },
          {
            "name": "k_rate",
            "type": "number",
            "format": "default",
            "bareNumber": true,
            "title": "Amount of fertilizer K applied in that harvest year",
            "rdfType": "http://purl.obolibrary.org/obo/AGRO_00010017",
            "description": "Potassium fertilizer amount"
          },
          {
            "name": "mg_factor_level",
            "type": "string",
            "format": "default",
            "bareNumber": true,
            "title": "Mg treatment",
            "rdfType": "http://purl.obolibrary.org/obo/PECO_0007288",
            "description": "Magnesium fertilizer treatment"
          },
          {
            "name": "mg_rate",
            "type": "number",
            "format": "default",
            "bareNumber": true,
            "title": "Amount of fertilizer Mg applied in that harvest year",
            "rdfType": "http://purl.obolibrary.org/obo/AGRO_00010017",
            "description": "Magnesium fertilizer amount"
          },
          {
            "name": "na_factor_level",
            "type": "string",
            "format": "default",
            "bareNumber": true,
            "title": "Na treatment",
            "description": "Sodium fertilizer treatment"
          },
          {
            "name": "na_rate",
            "type": "number",
            "format": "default",
            "bareNumber": true,
            "title": "Amount of  fertilizer Na applied in that harvest year",
            "rdfType": "http://purl.obolibrary.org/obo/AGRO_00010017",
            "description": "Sodium fertilizer amount"
          },
          {
            "name": "si_factor_level",
            "type": "string",
            "format": "default",
            "bareNumber": true,
            "title": "Si treatment",
            "rdfType": "http://purl.obolibrary.org/obo/PECO_0007235",
            "description": "Silicon fertilizer treatment, applied as  450kg sodium silicate, which contains 135 kgSi"
          },
          {
            "name": "si_rate",
            "type": "number",
            "format": "default",
            "bareNumber": true,
            "title": "Amount of  fertilizer Si applied in that harvest year",
            "rdfType": "http://purl.obolibrary.org/obo/AGRO_00010017",
            "description": "Silicon fertilizer amount"
          },
          {
            "name": "liming_factor_level",
            "type": "string",
            "format": "default",
            "title": "Lime treatment",
            "rdfType": "http://aims.fao.org/aos/agrovoc/c_200",
            "description": "Whether lime applied or not"
          },
          {
            "name": "liming_rate",
            "type": "number",
            "format": "default",
            "bareNumber": true,
            "decimalChar": ".",
            "groupChar": "",
            "title": "Amount of lime applied",
            "rdfType": "https://schema.org/Date",
            "description": "The amount of lime applied as calculated to produce required pH pf sub plot a, b, c. The amounts of lime varied in order to maintain the required pH of sub plot (pH 7, 6 and 5 for a, b, c respectively). The years and amounts applied per application are included in the dataset and in related lime treatments publication"
          },
          {
            "name": "fym_factor_level",
            "type": "string",
            "format": "default",
            "bareNumber": true,
            "title": "FYM treatment",
            "rdfType": "http://aims.fao.org/aos/agrovoc/c_2810",
            "description": "Farm yard manure fertilizer treatment"
          },
          {
            "name": "fym_rate",
            "type": "number",
            "format": "default",
            "bareNumber": true,
            "title": "Amount of FYM applied",
            "rdfType": "http://purl.obolibrary.org/obo/AGRO_00010017",
            "description": "Farm yard manure fertilizer amount"
          },
          {
            "name": "fm_factor_level",
            "type": "string",
            "format": "default",
            "bareNumber": true,
            "title": "Fish meal treatment",
            "rdfType": "http://aims.fao.org/aos/agrovoc/c_2925",
            "description": "Fish meal fertilizer treatment; applied until 1999"
          },
          {
            "name": "fm_n_rate",
            "type": "number",
            "format": "default",
            "bareNumber": true,
            "title": "Amount of fishmeal applied",
            "rdfType": "http://purl.obolibrary.org/obo/AGRO_00010017",
            "description": "Fish meal fertilizer nitrogen amount"
          },
          {
            "name": "pm_factor_level",
            "type": "string",
            "format": "default",
            "bareNumber": true,
            "title": "Poultry manure treatment",
            "rdfType": "http://purl.obolibrary.org/obo/AGRO_00000080",
            "description": "Poultry manure fertilizer treatment; applied since 2003"
          },
          {
            "name": "pm_n_rate",
            "type": "number",
            "format": "default",
            "bareNumber": true,
            "title": "Amount of poultry manure applied",
            "rdfType": "http://purl.obolibrary.org/obo/AGRO_00010017",
            "description": "Poultry manure fertilizer nitrogen amount"
          },
          {
            "name": "harvest_area",
            "type": "number",
            "format": "default",
            "bareNumber": true,
            "decimalChar": ".",
            "groupChar": "",
            "title": "Area harvested",
            "rdfType": "http://aims.fao.org/aos/agrovoc/c_330588",
            "description": "Area of plot harvested; range 0.00039 - 0.00775"
          },
          {
            "name": "start_cut_1",
            "type": "date",
            "format": "default",
            "title": "First cut harvest date start",
            "rdfType": "http://aims.fao.org/aos/agrovoc/c_29464",
            "description": "Start date of first cut harvest."
          },
          {
            "name": "end_cut_1",
            "type": "date",
            "format": "default",
            "title": "First cut harvest date end",
            "rdfType": "http://aims.fao.org/aos/agrovoc/c_29464",
            "description": "End date of first cut harvest."
          },
          {
            "name": "start_cart_cut_1",
            "type": "date",
            "format": "default",
            "title": "First cut carting date start",
            "description": "Start date of first cut produce removal from field."
          },
          {
            "name": "end_cart_cut_1",
            "type": "date",
            "format": "default",
            "title": "First cut carting date end",
            "description": "End date of first cut produce removal from field."
          },
          {
            "name": "yield_dry_matter_cut_1",
            "type": "number",
            "format": "default",
            "bareNumber": true,
            "decimalChar": ".",
            "groupChar": "",
            "title": "First cut forage dry matter yield",
            "rdfType": "http://aims.fao.org/aos/agrovoc/c_10176",
            "description": "Yield at 100% DM dry matter for first cut."
          },
          {
            "name": "start_cut_2",
            "type": "date",
            "format": "default",
            "title": "Second cut harvest date start",
            "rdfType": "http://aims.fao.org/aos/agrovoc/c_29464",
            "description": "Start date of second cut harvest"
          },
          {
            "name": "end_cut_2",
            "type": "date",
            "format": "default",
            "title": "Second cut harvest date end",
            "rdfType": "http://aims.fao.org/aos/agrovoc/c_29464",
            "description": "End date of second cut harvest"
          },
          {
            "name": "start_cart_cut_2",
            "type": "date",
            "format": "default",
            "title": "Second cut carting date start",
            "description": "Start date of second cut produce removal from field"
          },
          {
            "name": "end_cart_cut_2",
            "type": "date",
            "format": "default",
            "title": "Second cut carting date end",
            "description": "End date of second cut produce removal from field"
          },
          {
            "name": "yield_dry_matter_cut_2",
            "type": "number",
            "format": "default",
            "bareNumber": true,
            "decimalChar": ".",
            "groupChar": "",
            "title": "Second cut forage dry matter yield",
            "rdfType": "http://aims.fao.org/aos/agrovoc/c_10176",
            "description": "Yield at 100% DM dry matter for second cut."
          },
          {
            "name": "note",
            "type": "integer",
            "format": "default",
            "bareNumber": true,
            "title": "Note",
            "description": "Whether notes are applied or not"
          }
        ],
        "missingValues": [
          ""
        ],
        "foreignKeys": [
          {
            "fields": "n_factor_level",
            "reference": {
              "resource": "n_factor_data",
              "fields": "factor_level_name"
            }
          },
          {
            "fields": "p_factor_level",
            "reference": {
              "resource": "p_factor_data",
              "fields": "factor_level_name"
            }
          },
          {
            "fields": "k_factor_level",
            "reference": {
              "resource": "k_factor_data",
              "fields": "factor_level_name"
            }
          },
          {
            "fields": "mg_factor_level",
            "reference": {
              "resource": "mg_factor_data",
              "fields": "factor_level_name"
            }
          },
          {
            "fields": "na_factor_level",
            "reference": {
              "resource": "na_factor_data",
              "fields": "factor_level_name"
            }
          },
          {
            "fields": "si_factor_level",
            "reference": {
              "resource": "si_factor_data",
              "fields": "factor_level_name"
            }
          },
          {
            "fields": "liming_factor_level",
            "reference": {
              "resource": "liming_factor_data",
              "fields": "factor_level_name"
            }
          },
          {
            "fields": "fym_factor_level",
            "reference": {
              "resource": "fym_factor_data",
              "fields": "factor_level_name"
            }
          },
          {
            "fields": "fm_factor_level",
            "reference": {
              "resource": "fm_factor_data",
              "fields": "factor_level_name"
            }
          },
          {
            "fields": "pm_factor_level",
            "reference": {
              "resource": "pm_factor_data",
              "fields": "factor_level_name"
            }
          },
          {
            "fields": "note",
            "reference": {
              "resource": "notes_data",
              "fields": "note_id"
            }
          }
        ]
      },
      "innerpath": "",
      "compression": "",
      "control": {},
      "dialect": {
        "delimiter": ",",
        "lineTerminator": "\r\n",
        "quoteChar": "\"",
        "doubleQuote": true,
        "skipInitialSpace": false
      },
      "layout": {
        "header": true,
        "headerRows": [
          1
        ],
        "headerJoin": " ",
        "headerCase": true
      },
      "title": "Crop yield data",
      "description": "Data table containing crop yield data for all plots and all treatments, 1965-2018. Includes details of all lime and fertilizer treatments applied. "
    },
    {
      "path": "fm_factor_data.csv",
      "name": "fm_factor_data",
      "profile": "tabular-data-resource",
      "scheme": "file",
      "format": "csv",
      "hashing": "md5",
      "stats": {
        "hash": "365d8cec216d59da761fba99bddbf6fc",
        "bytes": 945,
        "fields": 10,
        "rows": 3
      },
      "encoding": "utf-8",
      "schema": {
        "fields": [
          {
            "name": "description",
            "type": "string",
            "format": "default",
            "title": "Description",
            "rdfType": "http://schema.org/description",
            "description": "Description of the factor level, whether the treatment applied or not"
          },
          {
            "name": "years",
            "type": "string",
            "format": "default",
            "title": "Years of treatment",
            "description": "Years in which the treatment factor is applied; applied until 1999, then replaced by poultry manure (PM)"
          },
          {
            "name": "treatment_factor",
            "type": "string",
            "format": "default",
            "title": "Treatment factor",
            "rdfType": "http://schema.org/name",
            "description": "Name for the treatment factor"
          },
          {
            "name": "treatment_factor_rdfType",
            "type": "string",
            "format": "uri",
            "title": "Treatment factor rdfType",
            "rdfType": "http://purl.obolibrary.org/obo/OBI_0000750",
            "description": "URI for the treatment factor"
          },
          {
            "name": "factor_level_name",
            "type": "string",
            "format": "default",
            "title": "Name of treatment factor level",
            "rdfType": "http://schema.org/name",
            "description": "Name of the factor level"
          },
          {
            "name": "treatment_form",
            "type": "string",
            "format": "default",
            "title": "Treatment form",
            "rdfType": "http://schema.org/name",
            "description": "Chemical form of the treatment applied"
          },
          {
            "name": "amount",
            "type": "number",
            "format": "default",
            "bareNumber": true,
            "title": "Amount applied that harvest year",
            "rdfType": "http://schema.org/amount",
            "description": "Amount of  treatment factor level applied per hectare per year"
          },
          {
            "name": "amount_unit",
            "type": "string",
            "format": "default",
            "title": "factor level unit",
            "rdfType": "http://schema.org/unitText",
            "description": "Units of treatment applied"
          },
          {
            "name": "frequency",
            "type": "string",
            "format": "default",
            "title": "Treatment frequency",
            "rdfType": "https://schema.org/frequency",
            "description": "Frequency of application of treatment"
          },
          {
            "name": "treatment_form_rdfType",
            "type": "string",
            "format": "uri",
            "title": "Treatment form rdfType",
            "rdfType": "http://purl.obolibrary.org/obo/OBI_0000750",
            "description": "URI for the chemical form of treatment"
          }
        ],
        "missingValues": [
          ""
        ],
        "primaryKey": "factor_level_name"
      },
      "innerpath": "",
      "compression": "",
      "control": {},
      "dialect": {
        "delimiter": ",",
        "lineTerminator": "\r\n",
        "quoteChar": "\"",
        "doubleQuote": true,
        "skipInitialSpace": false
      },
      "layout": {
        "header": true,
        "headerRows": [
          1
        ],
        "headerJoin": " ",
        "headerCase": true
      },
      "title": "FM treatment factor level descriptions",
      "description": "FM treatments applied 1965-2002; this describes the fish meal treatment factors."
    },
    {
      "path": "fym_factor_data.csv",
      "name": "fym_factor_data",
      "profile": "tabular-data-resource",
      "scheme": "file",
      "format": "csv",
      "hashing": "md5",
      "stats": {
        "hash": "f4aa2af52b39f8c276ff29030f1e6032",
        "bytes": 772,
        "fields": 10,
        "rows": 3
      },
      "encoding": "utf-8",
      "schema": {
        "fields": [
          {
            "name": "description",
            "type": "string",
            "format": "default",
            "title": "Description",
            "rdfType": "http://schema.org/description",
            "description": "Description of the factor level, whether the treatment applied or not"
          },
          {
            "name": "years",
            "type": "string",
            "format": "default",
            "title": "Years of treatment",
            "description": "Years in which the treatment factor is applied"
          },
          {
            "name": "treatment_factor",
            "type": "string",
            "format": "default",
            "title": "Treatment factor",
            "rdfType": "http://schema.org/name",
            "description": "Name for the treatment factor"
          },
          {
            "name": "treatment_factor_rdfType",
            "type": "string",
            "format": "uri",
            "title": "Treatment factor rdfType",
            "rdfType": "http://purl.obolibrary.org/obo/OBI_0000750",
            "description": "URI for the treatment factor"
          },
          {
            "name": "factor_level_name",
            "type": "string",
            "format": "default",
            "title": "Name of treatment factor level",
            "rdfType": "http://schema.org/name",
            "description": "Name of the factor level"
          },
          {
            "name": "amount",
            "type": "number",
            "format": "default",
            "bareNumber": true,
            "title": "Amount applied that harvest year",
            "rdfType": "http://schema.org/amount",
            "description": "Amount of  treatment factor level applied per hectare per year"
          },
          {
            "name": "amount_unit",
            "type": "string",
            "format": "default",
            "title": "factor level unit",
            "rdfType": "http://schema.org/unitText",
            "description": "Units of treatment applied"
          },
          {
            "name": "frequency",
            "type": "string",
            "format": "default",
            "title": "Treatment frequency",
            "rdfType": "https://schema.org/frequency",
            "description": "Frequency of application of treatment"
          },
          {
            "name": "treatment_form",
            "type": "string",
            "format": "default",
            "title": "Treatment form",
            "rdfType": "http://schema.org/name",
            "description": "Chemical form of the treatment applied"
          },
          {
            "name": "treatment_form_rdfType",
            "type": "string",
            "format": "uri",
            "title": "Treatment form rdfType",
            "rdfType": "http://purl.obolibrary.org/obo/OBI_0000750",
            "description": "URI for the chemical form of treatment"
          }
        ],
        "missingValues": [
          ""
        ],
        "primaryKey": "factor_level_name"
      },
      "innerpath": "",
      "compression": "",
      "control": {},
      "dialect": {
        "delimiter": ",",
        "lineTerminator": "\r\n",
        "quoteChar": "\"",
        "doubleQuote": true,
        "skipInitialSpace": false
      },
      "layout": {
        "header": true,
        "headerRows": [
          1
        ],
        "headerJoin": " ",
        "headerCase": true
      },
      "title": "FYM treatment factor level descriptions",
      "description": "FYM treatments applied 1965-2018; this describes the farm yard manure treatment factors."
    },
    {
      "path": "k_factor_data.csv",
      "name": "k_factor_data",
      "profile": "tabular-data-resource",
      "scheme": "file",
      "format": "csv",
      "hashing": "md5",
      "stats": {
        "hash": "a6dd6e80e1d1ed7330ef81507c3738d3",
        "bytes": 797,
        "fields": 10,
        "rows": 3
      },
      "encoding": "utf-8",
      "schema": {
        "fields": [
          {
            "name": "description",
            "type": "string",
            "format": "default",
            "title": "Description",
            "rdfType": "http://schema.org/description",
            "description": "Description of the factor level, whether the treatment applied or not"
          },
          {
            "name": "years",
            "type": "string",
            "format": "default",
            "title": "Years of treatment",
            "description": "Years in which the treatment factor is applied"
          },
          {
            "name": "treatment_factor",
            "type": "string",
            "format": "default",
            "title": "Treatment factor",
            "rdfType": "http://schema.org/name",
            "description": "Name for the treatment factor"
          },
          {
            "name": "treatment_factor_rdfType",
            "type": "string",
            "format": "uri",
            "title": "Treatment factor rdfType",
            "rdfType": "http://purl.obolibrary.org/obo/OBI_0000750",
            "description": "URI for the treatment factor"
          },
          {
            "name": "factor_level_name",
            "type": "string",
            "format": "default",
            "title": "Name of treatment factor level",
            "rdfType": "http://schema.org/name",
            "description": "Name of the factor level"
          },
          {
            "name": "amount",
            "type": "number",
            "format": "default",
            "bareNumber": true,
            "title": "Amount applied that harvest year",
            "rdfType": "http://schema.org/amount",
            "description": "Amount of  treatment factor level applied per hectare per year."
          },
          {
            "name": "amount_unit",
            "type": "string",
            "format": "default",
            "title": "factor level unit",
            "rdfType": "http://schema.org/unitText",
            "description": "Units of treatment applied"
          },
          {
            "name": "frequency",
            "type": "string",
            "format": "default",
            "title": "Treatment frequency",
            "rdfType": "https://schema.org/frequency",
            "description": "Frequency of application of treatment"
          },
          {
            "name": "treatment_form",
            "type": "string",
            "format": "default",
            "title": "Treatment form",
            "rdfType": "http://schema.org/name",
            "description": "Chemical form of the treatment applied"
          },
          {
            "name": "treatment_form_rdfType",
            "type": "string",
            "format": "uri",
            "title": "Treatment form rdfType",
            "rdfType": "http://purl.obolibrary.org/obo/OBI_0000750",
            "description": "URI for the chemical form of treatment"
          }
        ],
        "missingValues": [
          ""
        ],
        "primaryKey": "factor_level_name"
      },
      "innerpath": "",
      "compression": "",
      "control": {},
      "dialect": {
        "delimiter": ",",
        "lineTerminator": "\r\n",
        "quoteChar": "\"",
        "doubleQuote": true,
        "skipInitialSpace": false
      },
      "layout": {
        "header": true,
        "headerRows": [
          1
        ],
        "headerJoin": " ",
        "headerCase": true
      },
      "title": "K treatment factor level descriptions",
      "description": "K treatments applied 1965-2018; this describes the potassium treatment factors."
    },
    {
      "path": "liming_factor_data.csv",
      "name": "liming_factor_data",
      "profile": "tabular-data-resource",
      "scheme": "file",
      "format": "csv",
      "hashing": "md5",
      "stats": {
        "hash": "2882a95e1975de79f75a07a67792c6d6",
        "bytes": 3869,
        "fields": 10,
        "rows": 9
      },
      "encoding": "utf-8",
      "schema": {
        "fields": [
          {
            "name": "description",
            "type": "string",
            "format": "default",
            "title": "Description",
            "rdfType": "http://schema.org/description",
            "description": "Description of the factor level, whether the treatment applied or not"
          },
          {
            "name": "years",
            "type": "string",
            "format": "default",
            "title": "Years of treatment",
            "description": "Years in which the treatment factor is applied"
          },
          {
            "name": "treatment_factor",
            "type": "string",
            "format": "default",
            "title": "Treatment factor",
            "rdfType": "http://schema.org/name",
            "description": "Name for the treatment factor"
          },
          {
            "name": "treatment_factor_rdfType",
            "type": "string",
            "format": "uri",
            "title": "Treatment factor rdfType",
            "rdfType": "http://purl.obolibrary.org/obo/OBI_0000750",
            "description": "URI for the treatment factor"
          },
          {
            "name": "factor_level_name",
            "type": "string",
            "format": "default",
            "title": "Name of treatment factor level",
            "rdfType": "http://schema.org/name",
            "description": "Name of the factor level"
          },
          {
            "name": "amount",
            "type": "number",
            "format": "default",
            "title": "Amount applied that harvest year",
            "rdfType": "http://schema.org/amount",
            "description": "Amount of  treatment factor level applied per hectare per year"
          },
          {
            "name": "amount_unit",
            "type": "string",
            "format": "default",
            "title": "factor level unit",
            "rdfType": "http://schema.org/unitText",
            "description": "Units of treatment applied"
          },
          {
            "name": "frequency",
            "type": "string",
            "format": "default",
            "title": "Treatment frequency",
            "rdfType": "https://schema.org/frequency",
            "description": "Frequency of application of treatment"
          },
          {
            "name": "treatment_form",
            "type": "string",
            "format": "default",
            "title": "Treatment form",
            "rdfType": "http://schema.org/name",
            "description": "Chemical form of the treatment applied"
          },
          {
            "name": "treatment_form_rdfType",
            "type": "string",
            "format": "uri",
            "title": "Treatment form rdfType",
            "rdfType": "http://purl.obolibrary.org/obo/OBI_0000750",
            "description": "URI for the chemical form of treatment"
          }
        ],
        "missingValues": [
          ""
        ],
        "primaryKey": "factor_level_name"
      },
      "innerpath": "",
      "compression": "",
      "control": {},
      "dialect": {
        "delimiter": ",",
        "lineTerminator": "\r\n",
        "quoteChar": "\"",
        "doubleQuote": true,
        "skipInitialSpace": false
      },
      "layout": {
        "header": true,
        "headerRows": [
          1
        ],
        "headerJoin": " ",
        "headerCase": true
      },
      "title": "Liming treatment factor level descriptions",
      "description": "Describes the different liming treatment factors, showing the total amounts applied over the experiment required to produce desired pH levels for different sub-plots a-d."
    },
    {
      "path": "mg_factor_data.csv",
      "name": "mg_factor_data",
      "profile": "tabular-data-resource",
      "scheme": "file",
      "format": "csv",
      "hashing": "md5",
      "stats": {
        "hash": "7541600e2e35861021e496ace694fe4e",
        "bytes": 563,
        "fields": 10,
        "rows": 2
      },
      "encoding": "utf-8",
      "schema": {
        "fields": [
          {
            "name": "description",
            "type": "string",
            "format": "default",
            "title": "Description",
            "rdfType": "http://schema.org/description",
            "description": "Description of the factor level, whether the treatment applied or not"
          },
          {
            "name": "years",
            "type": "string",
            "format": "default",
            "title": "Years of treatment",
            "description": "Years in which the treatment factor is applied"
          },
          {
            "name": "treatment_factor",
            "type": "string",
            "format": "default",
            "title": "Treatment factor",
            "rdfType": "http://schema.org/name",
            "description": "Name for the treatment factor"
          },
          {
            "name": "treatment_factor_rdfType",
            "type": "string",
            "format": "uri",
            "title": "Treatment factor rdfType",
            "rdfType": "http://purl.obolibrary.org/obo/OBI_0000750",
            "description": "URI for the treatment factor"
          },
          {
            "name": "factor_level_name",
            "type": "string",
            "format": "default",
            "title": "Name of treatment factor level",
            "rdfType": "http://schema.org/name",
            "description": "Name of the factor level"
          },
          {
            "name": "amount",
            "type": "number",
            "format": "default",
            "bareNumber": true,
            "title": "Amount applied that harvest year",
            "rdfType": "http://schema.org/amount",
            "description": "Amount of  treatment factor level applied per hectare per year."
          },
          {
            "name": "amount_unit",
            "type": "string",
            "format": "default",
            "title": "factor level unit",
            "rdfType": "http://schema.org/unitText",
            "description": "Units of treatment applied"
          },
          {
            "name": "frequency",
            "type": "string",
            "format": "default",
            "title": "Treatment frequency",
            "rdfType": "https://schema.org/frequency",
            "description": "Frequency of application of treatment"
          },
          {
            "name": "treatment_form",
            "type": "string",
            "format": "default",
            "title": "Treatment form",
            "rdfType": "http://schema.org/name",
            "description": "Chemical form of the treatment applied"
          },
          {
            "name": "treatment_form_rdfType",
            "type": "string",
            "format": "uri",
            "title": "Treatment form rdfType",
            "rdfType": "http://purl.obolibrary.org/obo/OBI_0000750",
            "description": "URI for the chemical form of treatment"
          }
        ],
        "missingValues": [
          ""
        ],
        "primaryKey": "factor_level_name"
      },
      "innerpath": "",
      "compression": "",
      "control": {},
      "dialect": {
        "delimiter": ",",
        "lineTerminator": "\r\n",
        "quoteChar": "\"",
        "doubleQuote": true,
        "skipInitialSpace": false
      },
      "layout": {
        "header": true,
        "headerRows": [
          1
        ],
        "headerJoin": " ",
        "headerCase": true
      },
      "title": "Mg treatment factor level descriptions",
      "description": "Mg treatments applied 1965-2018; this describes the magnesium treatment factors."
    },
    {
      "path": "n_factor_data.csv",
      "name": "n_factor_data",
      "profile": "tabular-data-resource",
      "scheme": "file",
      "format": "csv",
      "hashing": "md5",
      "stats": {
        "hash": "88a9c053679dce9c48cd849b202f9882",
        "bytes": 2205,
        "fields": 10,
        "rows": 10
      },
      "encoding": "utf-8",
      "schema": {
        "fields": [
          {
            "name": "description",
            "type": "string",
            "format": "default",
            "title": "Description",
            "rdfType": "http://schema.org/description",
            "description": "Description of the factor level, whether the treatment applied or not"
          },
          {
            "name": "years",
            "type": "string",
            "format": "default",
            "title": "Years of treatment",
            "description": "Years in which the treatment factor is applied"
          },
          {
            "name": "treatment_factor",
            "type": "string",
            "format": "default",
            "title": "Treatment factor",
            "rdfType": "http://schema.org/name",
            "description": "Name for the treatment factor"
          },
          {
            "name": "treatment_factor_rdfType",
            "type": "string",
            "format": "uri",
            "title": "Treatment factor rdfType",
            "rdfType": "http://purl.obolibrary.org/obo/OBI_0000750",
            "description": "URI for the treatment factor"
          },
          {
            "name": "factor_level_name",
            "type": "string",
            "format": "default",
            "title": "Name of treatment factor level",
            "rdfType": "http://schema.org/name",
            "description": "Name of the factor level"
          },
          {
            "name": "amount",
            "type": "number",
            "format": "default",
            "bareNumber": true,
            "title": "Amount applied that harvest year",
            "rdfType": "http://schema.org/amount",
            "description": "Amount of  treatment factor level applied per hectare per year."
          },
          {
            "name": "amount_unit",
            "type": "string",
            "format": "default",
            "title": "factor level unit",
            "rdfType": "http://schema.org/unitText",
            "description": "Units of treatment applied"
          },
          {
            "name": "frequency",
            "type": "string",
            "format": "default",
            "title": "Treatment frequency",
            "rdfType": "https://schema.org/frequency",
            "description": "Frequency of application of treatment"
          },
          {
            "name": "treatment_form",
            "type": "string",
            "format": "default",
            "title": "Treatment form",
            "rdfType": "http://schema.org/name",
            "description": "Chemical form of the treatment applied; as either ammonium sulphate or sodium nitrate - N2 and N*2 last applied 1989"
          },
          {
            "name": "treatment_form_rdfType",
            "type": "string",
            "format": "uri",
            "title": "Treatment form rdfType",
            "rdfType": "http://purl.obolibrary.org/obo/OBI_0000750",
            "description": "URI for the chemical form of treatment"
          }
        ],
        "missingValues": [
          ""
        ],
        "primaryKey": "factor_level_name"
      },
      "innerpath": "",
      "compression": "",
      "control": {},
      "dialect": {
        "delimiter": ",",
        "lineTerminator": "\r\n",
        "quoteChar": "\"",
        "doubleQuote": true,
        "skipInitialSpace": false
      },
      "layout": {
        "header": true,
        "headerRows": [
          1
        ],
        "headerJoin": " ",
        "headerCase": true
      },
      "title": "N treatment factor level descriptions",
      "description": "N treatments applied 1965-2018; this describes the nitrogen treatment factors."
    },
    {
      "path": "na_factor_data.csv",
      "name": "na_factor_data",
      "profile": "tabular-data-resource",
      "scheme": "file",
      "format": "csv",
      "hashing": "md5",
      "stats": {
        "hash": "f139728a0658eecd467631062369303a",
        "bytes": 547,
        "fields": 10,
        "rows": 2
      },
      "encoding": "utf-8",
      "schema": {
        "fields": [
          {
            "name": "description",
            "type": "string",
            "format": "default",
            "title": "Description",
            "rdfType": "http://schema.org/description",
            "description": "Description of the factor level, whether the treatment applied or not"
          },
          {
            "name": "years",
            "type": "string",
            "format": "default",
            "title": "Years of treatment",
            "description": "Years in which the treatment factor is applied"
          },
          {
            "name": "treatment_factor",
            "type": "string",
            "format": "default",
            "title": "Treatment factor",
            "rdfType": "http://schema.org/name",
            "description": "Name for the treatment factor"
          },
          {
            "name": "treatment_factor_rdfType",
            "type": "string",
            "format": "uri",
            "title": "Treatment factor rdfType",
            "rdfType": "http://purl.obolibrary.org/obo/OBI_0000750",
            "description": "URI for the treatment factor"
          },
          {
            "name": "factor_level_name",
            "type": "string",
            "format": "default",
            "title": "Name of treatment factor level",
            "rdfType": "http://schema.org/name",
            "description": "Name of the factor level"
          },
          {
            "name": "amount",
            "type": "number",
            "format": "default",
            "bareNumber": true,
            "title": "Amount applied that harvest year",
            "rdfType": "http://schema.org/amount",
            "description": "Amount of  treatment factor level applied per hectare per year."
          },
          {
            "name": "amount_unit",
            "type": "string",
            "format": "default",
            "title": "factor level unit",
            "rdfType": "http://schema.org/unitText",
            "description": "Units of treatment applied"
          },
          {
            "name": "frequency",
            "type": "string",
            "format": "default",
            "title": "Treatment frequency",
            "rdfType": "https://schema.org/frequency",
            "description": "Frequency of application of treatment"
          },
          {
            "name": "treatment_form",
            "type": "string",
            "format": "default",
            "title": "Treatment form",
            "rdfType": "http://schema.org/name",
            "description": "Chemical form of the treatment applied"
          },
          {
            "name": "treatment_form_rdfType",
            "type": "string",
            "format": "uri",
            "title": "Treatment form rdfType",
            "rdfType": "http://purl.obolibrary.org/obo/OBI_0000750",
            "description": "URI for the chemical form of treatment"
          }
        ],
        "missingValues": [
          ""
        ],
        "primaryKey": "factor_level_name"
      },
      "innerpath": "",
      "compression": "",
      "control": {},
      "dialect": {
        "delimiter": ",",
        "lineTerminator": "\r\n",
        "quoteChar": "\"",
        "doubleQuote": true,
        "skipInitialSpace": false
      },
      "layout": {
        "header": true,
        "headerRows": [
          1
        ],
        "headerJoin": " ",
        "headerCase": true
      },
      "title": "Na treatment factor level descriptions",
      "description": "Na treatments applied 1965-2018; this describes the sodium treatment factors."
    },
    {
      "path": "notes_data.csv",
      "name": "notes_data",
      "profile": "tabular-data-resource",
      "scheme": "file",
      "format": "csv",
      "hashing": "md5",
      "stats": {
        "hash": "7f41dc111f99ad5b49a013d1f5365f97",
        "bytes": 2992,
        "fields": 2,
        "rows": 18
      },
      "encoding": "utf-8",
      "schema": {
        "fields": [
          {
            "name": "note_id",
            "type": "integer",
            "format": "default",
            "bareNumber": true,
            "title": "Note identification",
            "description": "Note number"
          },
          {
            "name": "description",
            "type": "string",
            "format": "default",
            "title": "Description",
            "rdfType": "http://schema.org/description",
            "description": "Additional explanatory notes for records in the crop_data_table"
          }
        ],
        "missingValues": [
          ""
        ]
      },
      "innerpath": "",
      "compression": "",
      "control": {},
      "dialect": {
        "delimiter": ",",
        "lineTerminator": "\r\n",
        "quoteChar": "\"",
        "doubleQuote": true,
        "skipInitialSpace": false
      },
      "layout": {
        "header": true,
        "headerRows": [
          1
        ],
        "headerJoin": " ",
        "headerCase": true
      },
      "title": "Notes",
      "description": "Additional explanatory notes for records in the crop_data table"
    },
    {
      "path": "p_factor_data.csv",
      "name": "p_factor_data",
      "profile": "tabular-data-resource",
      "scheme": "file",
      "format": "csv",
      "hashing": "md5",
      "stats": {
        "hash": "c8c46e9f377fe7c1c542e1a8aac08a48",
        "bytes": 1340,
        "fields": 10,
        "rows": 5
      },
      "encoding": "utf-8",
      "schema": {
        "fields": [
          {
            "name": "description",
            "type": "string",
            "format": "default",
            "title": "Description",
            "rdfType": "http://schema.org/description",
            "description": "Description of the factor level, whether the treatment applied or not"
          },
          {
            "name": "years",
            "type": "string",
            "format": "default",
            "title": "Years of treatment",
            "description": "Years in which the treatment factor is applied"
          },
          {
            "name": "treatment_factor",
            "type": "string",
            "format": "default",
            "title": "Treatment factor",
            "rdfType": "http://schema.org/name",
            "description": "Name for the treatment factor"
          },
          {
            "name": "treatment_factor_rdfType",
            "type": "string",
            "format": "uri",
            "title": "Treatment factor rdfType",
            "rdfType": "http://purl.obolibrary.org/obo/OBI_0000750",
            "description": "URI for the treatment factor"
          },
          {
            "name": "factor_level_name",
            "type": "string",
            "format": "default",
            "title": "Name of treatment factor level",
            "rdfType": "http://schema.org/name",
            "description": "Name of the factor level"
          },
          {
            "name": "amount",
            "type": "number",
            "format": "default",
            "bareNumber": true,
            "title": "Amount applied that harvest year",
            "rdfType": "http://schema.org/amount",
            "description": "Amount of  treatment factor level applied per hectare per year; 17kg since 2017, previously 35kg"
          },
          {
            "name": "amount_unit",
            "type": "string",
            "format": "default",
            "title": "factor level unit",
            "rdfType": "http://schema.org/unitText",
            "description": "Units of treatment applied"
          },
          {
            "name": "frequency",
            "type": "string",
            "format": "default",
            "title": "Treatment frequency",
            "rdfType": "https://schema.org/frequency",
            "description": "Frequency of application of treatment"
          },
          {
            "name": "treatment_form",
            "type": "string",
            "format": "default",
            "title": "Treatment form",
            "rdfType": "http://schema.org/name",
            "description": "Chemical form of the treatment applied"
          },
          {
            "name": "treatment_form_rdfType",
            "type": "string",
            "format": "uri",
            "title": "Treatment form rdfType",
            "rdfType": "http://purl.obolibrary.org/obo/OBI_0000750",
            "description": "URI for the chemical form of treatment"
          }
        ],
        "missingValues": [
          ""
        ],
        "primaryKey": "factor_level_name"
      },
      "innerpath": "",
      "compression": "",
      "control": {},
      "dialect": {
        "delimiter": ",",
        "lineTerminator": "\r\n",
        "quoteChar": "\"",
        "doubleQuote": true,
        "skipInitialSpace": false
      },
      "layout": {
        "header": true,
        "headerRows": [
          1
        ],
        "headerJoin": " ",
        "headerCase": true
      },
      "title": "P treatment factor level descriptions",
      "description": "P treatments applied 1965-2018; this describes the phosphorous treatment factors."
    },
    {
      "path": "pm_factor_data.csv",
      "name": "pm_factor_data",
      "profile": "tabular-data-resource",
      "scheme": "file",
      "format": "csv",
      "hashing": "md5",
      "stats": {
        "hash": "29bfcda5a995f6c4223cff5ae931983e",
        "bytes": 678,
        "fields": 10,
        "rows": 2
      },
      "encoding": "utf-8",
      "schema": {
        "fields": [
          {
            "name": "description",
            "type": "string",
            "format": "default",
            "title": "Description",
            "rdfType": "http://schema.org/description",
            "description": "Description of the factor level, whether the treatment applied or not"
          },
          {
            "name": "years",
            "type": "string",
            "format": "default",
            "title": "Years of treatment",
            "description": "Years in which the treatment factor is applied; applied since 2003"
          },
          {
            "name": "treatment_factor",
            "type": "string",
            "format": "default",
            "title": "Treatment factor",
            "rdfType": "http://schema.org/name",
            "description": "Name for the treatment factor"
          },
          {
            "name": "treatment_factor_rdfType",
            "type": "string",
            "format": "uri",
            "title": "Treatment factor rdfType",
            "rdfType": "http://purl.obolibrary.org/obo/OBI_0000750",
            "description": "URI for the treatment factor"
          },
          {
            "name": "factor_level_name",
            "type": "string",
            "format": "default",
            "title": "Name of treatment factor level",
            "rdfType": "http://schema.org/name",
            "description": "Name of the factor level"
          },
          {
            "name": "amount",
            "type": "number",
            "format": "default",
            "bareNumber": true,
            "title": "Amount applied that harvest year",
            "rdfType": "http://schema.org/amount",
            "description": "Amount of  treatment factor level applied per hectare per year"
          },
          {
            "name": "amount_unit",
            "type": "string",
            "format": "default",
            "title": "factor level unit",
            "rdfType": "http://schema.org/unitText",
            "description": "Units of treatment applied"
          },
          {
            "name": "frequency",
            "type": "string",
            "format": "default",
            "title": "Treatment frequency",
            "rdfType": "https://schema.org/frequency",
            "description": "Frequency of application of treatment"
          },
          {
            "name": "treatment_form",
            "type": "string",
            "format": "default",
            "title": "Treatment form",
            "rdfType": "http://schema.org/name",
            "description": "Chemical form of the treatment applied"
          },
          {
            "name": "treatment_form_rdfType",
            "type": "string",
            "format": "uri",
            "title": "Treatment form rdfType",
            "rdfType": "http://purl.obolibrary.org/obo/OBI_0000750",
            "description": "URI for the chemical form of treatment"
          }
        ],
        "missingValues": [
          ""
        ],
        "primaryKey": "factor_level_name"
      },
      "innerpath": "",
      "compression": "",
      "control": {},
      "dialect": {
        "delimiter": ",",
        "lineTerminator": "\r\n",
        "quoteChar": "\"",
        "doubleQuote": true,
        "skipInitialSpace": false
      },
      "layout": {
        "header": true,
        "headerRows": [
          1
        ],
        "headerJoin": " ",
        "headerCase": true
      },
      "title": "PM treatment factor level descriptions",
      "description": "PM treatments applied 2003-2018; this describes the poultry manure treatment factors."
    },
    {
      "path": "si_factor_data.csv",
      "name": "si_factor_data",
      "profile": "tabular-data-resource",
      "scheme": "file",
      "format": "csv",
      "hashing": "md5",
      "stats": {
        "hash": "f676d3c89d015a644841ecdab58f6b53",
        "bytes": 536,
        "fields": 10,
        "rows": 2
      },
      "encoding": "utf-8",
      "schema": {
        "fields": [
          {
            "name": "description",
            "type": "string",
            "format": "default",
            "title": "Description",
            "rdfType": "http://schema.org/description",
            "description": "Description of the factor level, whether the treatment applied or not"
          },
          {
            "name": "years",
            "type": "string",
            "format": "default",
            "title": "Years of treatment",
            "description": "Years in which the treatment factor is applied"
          },
          {
            "name": "treatment_factor",
            "type": "string",
            "format": "default",
            "title": "Treatment factor",
            "rdfType": "http://schema.org/name",
            "description": "Name for the treatment factor"
          },
          {
            "name": "treatment_factor_rdfType",
            "type": "string",
            "format": "uri",
            "title": "Treatment factor rdfType",
            "rdfType": "http://purl.obolibrary.org/obo/OBI_0000750",
            "description": "URI for the treatment factor"
          },
          {
            "name": "factor_level_name",
            "type": "string",
            "format": "default",
            "title": "Name of treatment factor level",
            "rdfType": "http://schema.org/name",
            "description": "Name of the factor level"
          },
          {
            "name": "amount",
            "type": "number",
            "format": "default",
            "bareNumber": true,
            "title": "Amount applied that harvest year",
            "rdfType": "http://schema.org/amount",
            "description": "Amount of  treatment factor level applied per hectare per year."
          },
          {
            "name": "amount_unit",
            "type": "string",
            "format": "default",
            "title": "factor level unit",
            "rdfType": "http://schema.org/unitText",
            "description": "Units of treatment applied"
          },
          {
            "name": "frequency",
            "type": "string",
            "format": "default",
            "title": "Treatment frequency",
            "rdfType": "https://schema.org/frequency",
            "description": "Frequency of application of treatment"
          },
          {
            "name": "treatment_form",
            "type": "string",
            "format": "default",
            "title": "Treatment form",
            "rdfType": "http://schema.org/name",
            "description": "Chemical form of the treatment applied"
          },
          {
            "name": "treatment_form_rdfType",
            "type": "string",
            "format": "uri",
            "title": "Treatment form rdfType",
            "rdfType": "http://purl.obolibrary.org/obo/OBI_0000750",
            "description": "URI for the chemical form of treatment"
          }
        ],
        "missingValues": [
          ""
        ],
        "primaryKey": "factor_level_name"
      },
      "innerpath": "",
      "compression": "",
      "control": {},
      "dialect": {
        "delimiter": ",",
        "lineTerminator": "\r\n",
        "quoteChar": "\"",
        "doubleQuote": true,
        "skipInitialSpace": false
      },
      "layout": {
        "header": true,
        "headerRows": [
          1
        ],
        "headerJoin": " ",
        "headerCase": true
      },
      "title": "Si treatment factor level descriptions",
      "description": "Si treatments applied 1965-2018; this describes the silicon treatment factors."
    }
  ],
  "profile": "tabular-data-package",
  "id": "10.23637/rpg5-yields1965-2018-01 ",
  "name": "park-grass-hay-yields-1965-2018",
  "title": "Park Grass Hay Yields 1965-2018",
  "version": "1.0.0",
  "keywords": [
    "liming",
    "long term experiments",
    "fertilizer",
    "Park grass long-term experiment",
    "permanent grassland",
    "Rothamsted Research",
    "soil pH",
    "crop yield",
    "fertilizer"
  ],
  "description": "### Abstract\nThis dataset contains the yields of hay (t/ha), for both the 1st and 2nd cuts, harvested from Park Grass Hay Experiment since 1965-2018. Details of the fertilizer, lime treatments and harvest dates are also included. In 1965, a new liming regime was introduced with four sub-plots per plot (a. at pH 7, b. at pH 6, c. at pH 5 and d. un-limed). Yields are provided for all fertiliser treatment plots and sub-plots (except for plots 5 and 6 cd, which were used for micro-plot experiments). Yields are expressed as t/ha at 100% dry matter. Variations in yield reflect the various fertilizer treatments and liming regimes, as well as the local weather and atmospheric inputs.\n### Methods\nThis experiment tests the effects of inorganic fertilizers, organic fertilizers and soil pH (which varies on sub-plots as a result of liming) on yields of hay. See Third Design Period 1965- for detail. The yields  are estimated from strips cut from the centre of each plot  with a forage harvester (since 1960). After the first cut in mid-June the remainder of each plot is mown and made into hay, continuing earlier management and ensuring return of seed. For the second cut, the whole of each plot is cut with a forage harvester.\n### Technical Info\nHay yields have been recorded every year since the Park Grass experiment began, with the first harvest in 1856. Dried samples have also been kept since 1856 and these are preserved in the Rothamsted Sample Archive.\n### Other\nPark Grass was initiated to investigate the ways of improving the yield of hay by the application of inorganic fertilizers and organic manure. With time, the soil became more acidic and in 1903 plots had been halved and the effects of lime tested. From 1965 a new liming regime was initiated with four sub-plots, three receiving lime to maintain soil pH (0-23cm depth) at pH 7, 6, and 5 on sub-plots a, b and c. Sub-plot d does not receive any lime.\r\nThe change in harvest method in 1960 means recorded yields of dry matter are larger than previously as fewer losses occur. The previous harvest method estimated yield by weighing the produce from the whole field. See reference by Bowley et al (2017).\n### Provenance\nIndividual plot yields are derived from the PGHAYEQUIV dataset in the e-RA database and were checked with the published yields in the annual Rothamsted Yield Books.\r\n\r\nThis Frictionless dataset of combined yield and treatment data was compiled by S. Perryman & R. Ostler and checked by M. Glendining September 2021.\n### Quality\nIn accordance with the Joint Code of Practice for Research at Rothamsted, data processing in e-RA follow rigorous standard operating procedures to ensure the quality and correctness of data collected in the field through to depositing in the e-RA database. To ensure quality control during data inputting, the data sets were typed on two separate occasions (double data entry). During the second typing (verification) the data values were compared with those typed on the earlier occasion, and any discrepancies were resolved before verification continued. This procedure also set out how to handle situations where the written records were illegible or ambiguous. This procedure avoided visual checking of data, which can be very inaccurate. Once the data were entered into e-RA, they were independently back-checked against the original data sheets.\n",
  "contributors": [
    {
      "title": "Sarah Perryman",
      "path": "https://orcid.org/0000-0002-0056-2754",
      "organization": "Computational and Analytical Sciences, Rothamsted Research"
    },
    {
      "title": "Paul Poulton",
      "path": "https://orcid.org/0000-0002-5720-064X",
      "organization": "Sustainable Agricultural Sciences, Rothamsted Research"
    },
    {
      "title": "Richard Ostler",
      "path": "https://orcid.org/0000-0002-1434-9495",
      "organization": "Computational and Analytical Sciences, Rothamsted Research"
    },
    {
      "title": "Nathalie Castells-Brooke",
      "path": "https://orcid.org/0000-0003-0168-6254",
      "organization": "Computational and Analytical Sciences, Rothamsted Research"
    },
    {
      "title": "Andrew Macdonald",
      "path": "https://orcid.org/0000-0002-1785-4892",
      "organization": "Sustainable Agricultural Sciences, Rothamsted Research"
    },
    {
      "title": "Chris Hall",
      "organization": "Sustainable Agricultural Sciences, Rothamsted Research"
    },
    {
      "title": "Margaret Glendining",
      "path": "https://orcid.org/0000-0002-6466-4629",
      "organization": "Computational and Analytical Sciences, Rothamsted Research"
    }
  ],
  "licenses": [
    {
      "name": "CC-BY-4.0",
      "path": "https://creativecommons.org/licenses/by/4.0/",
      "title": "Creative Commons Attribution 4.0 International"
    }
  ]
}