description,years,treatment_factor,treatment_factor_rdfType,factor_level_name,amount,amount_unit,frequency,treatment_form,treatment_form_rdfType
"Ground chalk applied as necessary to maintain soil at pH 7. Liming rates differ between plots and applications, refer to crop_data.liming_rate for the amounts applied, summing this column for a plot will give the total amount applied during the period  https://doi.org/10.23637/rpg5-LimeTreats-01",1965-2018,pH exposure,http://purl.obolibrary.org/obo/PECO_0007171,a,0.0 - 22.0,t CaCO3 ha-1 ,applied every 3rd year from 1994,Ground limestone/chalk,http://aims.fao.org/aos/agrovoc/c_4342
"Ground chalk applied as necessary to maintain soil at pH 6. Liming rates differ between plots and applications, refer to crop_data.liming_rate for the amounts applied, summing this column for a plot will give the total amount applied during the period https://doi.org/10.23637/rpg5-LimeTreats-01",1965-2018,pH exposure,http://purl.obolibrary.org/obo/PECO_0007171,b,0.0-12.60,t CaCO3 ha-1 ,applied every 3rd year from 1994,Ground limestone/chalk,http://aims.fao.org/aos/agrovoc/c_4342
"Ground chalk applied as necessary to maintain soil at pH 5. Liming rates differ between plots and applications, refer to crop_data.liming_rate for the amounts applied, summing this column for a plot will give the total amount applied during the period https://doi.org/10.23637/rpg5-LimeTreats-01",1965-2018,pH exposure,http://purl.obolibrary.org/obo/PECO_0007171,c,0.0-11.30,t CaCO3 ha-1 ,applied every 3rd year from 1994,Ground limestone/chalk,http://aims.fao.org/aos/agrovoc/c_4342
No ground chalk applied to maintain soil pH,1965-2018,pH exposure,http://purl.obolibrary.org/obo/PECO_0007171,d,0,t CaCO3 ha-1 ,not applied,Ground limestone/chalk,http://aims.fao.org/aos/agrovoc/c_4342
The ab treatment plots were unlimed between 1965 - 1975 plot 12. Plot 15ab was limed. These plots correspond to the earlier limed plots (not for plot 12 which was all unlimed). In 1976 the ab plots were divided into a and b plots to maintain soil pH as per a and b treatment factor levels.,1965-1975,pH exposure,http://purl.obolibrary.org/obo/PECO_0007171,ab,0,t CaCO3 ha-1 ,applied as required to achieve desired soil pH,Ground limestone/chalk,http://aims.fao.org/aos/agrovoc/c_4342
The cd treatment plots were unlimed between 1965 - 1975. These plots correspond to the earlier unlimed plots. In 1976 the cd plots were divided into c and d plots to maintain soil pH as per c and d treatment factor levels.,1965-1975,pH exposure,http://purl.obolibrary.org/obo/PECO_0007171,cd,0,t CaCO3 ha-1 ,not applied,Ground limestone/chalk,http://aims.fao.org/aos/agrovoc/c_4342
"The limed half of Plot 15 1920-1975, then divided into a and b sub-plots in 1976 ",1965-1975,pH exposure,http://purl.obolibrary.org/obo/PECO_0007171,l,0,t CaCO3 ha-1 ,not applied,Ground limestone/chalk,http://aims.fao.org/aos/agrovoc/c_4342
No gound chalk applied to plot 12ab or plots 12cd 1903-1975. In 1976 the ab plots were divided into a and b plots to maintain soil pH as per a and b treatment factor levels and the cd plots were divided into c and d plots to maintain soil pH as per c and d treatment factor levels. 'No ground chalk or lime applied since 1888 to all of plot 12 and unlimed part of plot 15. Plots 12 and 15 were not included in the a-d liming scheme until 1976,1965-2018,pH exposure,http://purl.obolibrary.org/obo/PECO_0007171,u,0,t CaCO3 ha-1 ,not applied,Ground limestone/chalk,http://aims.fao.org/aos/agrovoc/c_4342
"Plots 18-2, 19-1, 19-2, 19-3, 20-1, 20-2 and 20-3 all received very small amounts of lime in 1968 (and 18-2 also in 1972) only. https://doi.org/10.23637/rpg5-LimeTreats-01",1965-1972,pH exposure,http://purl.obolibrary.org/obo/PECO_0007171,s,0.0-1.10,t CaCO3 ha-1 ,Once or twice only,Ground limestone/chalk,http://aims.fao.org/aos/agrovoc/c_4342
